0,ASSAM:126
1,ASSAM:114
2,ASSAM:125
3,ASSAM:121
4,ASSAM:116
5,ASSAM:124
6,ASSAM:117
7,ASSAM:113
8,ASSAM:122
9,ASSAM:115
10,ASSAM:111
11,ASSAM:123
12,ASSAM:118
13,ASSAM:119
14,ASSAM:120
15,ASSAM:112
16,ASSAM:110
17,ASSAM:107
18,ASSAM:105
19,ASSAM:106
20,ASSAM:99
21,ASSAM:109
22,ASSAM:108
23,ASSAM:74
24,ASSAM:104
25,ASSAM:78
26,ASSAM:71
27,ASSAM:77
28,ASSAM:103
29,ASSAM:102
30,ASSAM:70
31,ASSAM:75
32,ASSAM:69
33,ASSAM:64
34,ASSAM:31
35,ASSAM:98
36,ASSAM:101
37,ASSAM:30
38,ASSAM:76
39,ASSAM:97
40,ASSAM:29
41,ASSAM:33
42,ASSAM:58
43,ASSAM:62
44,ASSAM:40
45,ASSAM:63
46,ASSAM:96
47,ASSAM:28
48,ASSAM:72
49,ASSAM:93
50,ASSAM:73
51,ASSAM:41
52,ASSAM:89
53,ASSAM:68
54,ASSAM:65
55,ASSAM:100
56,ASSAM:95
57,ASSAM:56
58,ASSAM:32
59,ASSAM:17
60,ASSAM:42
61,ASSAM:59
62,ASSAM:85
63,ASSAM:67
64,ASSAM:57
65,ASSAM:18
66,ASSAM:66
67,ASSAM:34
68,ASSAM:83
69,ASSAM:81
70,ASSAM:88
71,ASSAM:46
72,ASSAM:35
73,ASSAM:61
74,ASSAM:43
75,ASSAM:60
76,ASSAM:44
77,ASSAM:84
78,ASSAM:86
79,ASSAM:94
80,ASSAM:87
81,ASSAM:47
82,ASSAM:27
83,ASSAM:26
84,ASSAM:80
85,ASSAM:19
86,ASSAM:55
87,ASSAM:24
88,ASSAM:0
89,ASSAM:79
90,ASSAM:82
91,ASSAM:51
92,ASSAM:45
93,ASSAM:52
94,ASSAM:38
95,ASSAM:90
96,ASSAM:37
97,ASSAM:53
98,ASSAM:48
99,ASSAM:49
100,ASSAM:50
101,ASSAM:39
102,ASSAM:54
103,ASSAM:20
104,ASSAM:92
105,ASSAM:36
106,ASSAM:91
107,ASSAM:23
108,ASSAM:22
109,ASSAM:16
110,ASSAM:21
111,ASSAM:15
112,ASSAM:12
113,ASSAM:14
114,ASSAM:13
115,ASSAM:3
116,ASSAM:8
117,ASSAM:5
118,ASSAM:9
119,ASSAM:10
120,ASSAM:4
121,ASSAM:1
122,ASSAM:2
123,ASSAM:11
124,ASSAM:6
125,ASSAM:7
126,BIHAR:3
127,BIHAR:2
128,BIHAR:4
129,BIHAR:5
130,BIHAR:1
131,BIHAR:7
132,BIHAR:6
133,BIHAR:10
134,BIHAR:13
135,BIHAR:8
136,BIHAR:15
137,BIHAR:70
138,BIHAR:9
139,BIHAR:11
140,BIHAR:69
141,BIHAR:12
142,BIHAR:14
143,BIHAR:68
144,BIHAR:19
145,BIHAR:75
146,BIHAR:71
147,BIHAR:21
148,BIHAR:24
149,BIHAR:77
150,BIHAR:76
151,BIHAR:73
152,BIHAR:66
153,BIHAR:20
154,BIHAR:67
155,BIHAR:16
156,BIHAR:128
157,BIHAR:82
158,BIHAR:110
159,BIHAR:17
160,BIHAR:72
161,BIHAR:134
162,BIHAR:18
163,BIHAR:22
164,BIHAR:23
165,BIHAR:25
166,BIHAR:65
167,BIHAR:133
168,BIHAR:26
169,BIHAR:64
170,BIHAR:111
171,BIHAR:74
172,BIHAR:78
173,BIHAR:131
174,BIHAR:130
175,BIHAR:79
176,BIHAR:91
177,BIHAR:129
178,BIHAR:80
179,BIHAR:114
180,BIHAR:81
181,BIHAR:29
182,BIHAR:30
183,BIHAR:62
184,BIHAR:63
185,BIHAR:28
186,BIHAR:55
187,BIHAR:54
188,BIHAR:27
189,BIHAR:90
190,BIHAR:83
191,BIHAR:32
192,BIHAR:112
193,BIHAR:113
194,BIHAR:88
195,BIHAR:84
196,BIHAR:135
197,BIHAR:59
198,BIHAR:31
199,BIHAR:56
200,BIHAR:37
201,BIHAR:61
202,BIHAR:33
203,BIHAR:132
204,BIHAR:89
205,BIHAR:85
206,BIHAR:127
207,BIHAR:34
208,BIHAR:53
209,BIHAR:86
210,BIHAR:136
211,BIHAR:116
212,BIHAR:92
213,BIHAR:38
214,BIHAR:118
215,BIHAR:36
216,BIHAR:60
217,BIHAR:57
218,BIHAR:58
219,BIHAR:87
220,BIHAR:93
221,BIHAR:35
222,BIHAR:117
223,BIHAR:120
224,BIHAR:115
225,BIHAR:138
226,BIHAR:39
227,BIHAR:52
228,BIHAR:126
229,BIHAR:94
230,BIHAR:95
231,BIHAR:43
232,BIHAR:40
233,BIHAR:100
234,BIHAR:50
235,BIHAR:137
236,BIHAR:49
237,BIHAR:121
238,BIHAR:51
239,BIHAR:101
240,BIHAR:144
241,BIHAR:99
242,BIHAR:42
243,BIHAR:125
244,BIHAR:96
245,BIHAR:41
246,BIHAR:102
247,BIHAR:119
248,BIHAR:139
249,BIHAR:48
250,BIHAR:122
251,BIHAR:44
252,BIHAR:45
253,BIHAR:98
254,BIHAR:108
255,BIHAR:143
256,BIHAR:218
257,BIHAR:215
258,BIHAR:209
259,BIHAR:217
260,BIHAR:184
261,BIHAR:210
262,BIHAR:109
263,BIHAR:46
264,BIHAR:140
265,BIHAR:142
266,BIHAR:206
267,BIHAR:47
268,BIHAR:124
269,BIHAR:216
270,BIHAR:107
271,BIHAR:182
272,BIHAR:97
273,BIHAR:123
274,BIHAR:219
275,BIHAR:207
276,BIHAR:183
277,BIHAR:145
278,BIHAR:211
279,BIHAR:214
280,BIHAR:222
281,BIHAR:208
282,BIHAR:221
283,BIHAR:220
284,BIHAR:141
285,BIHAR:212
286,BIHAR:202
287,BIHAR:204
288,BIHAR:105
289,BIHAR:106
290,BIHAR:203
291,BIHAR:169
292,BIHAR:103
293,BIHAR:201
294,BIHAR:185
295,BIHAR:170
296,BIHAR:104
297,BIHAR:181
298,BIHAR:146
299,BIHAR:200
300,BIHAR:205
301,BIHAR:223
302,BIHAR:165
303,BIHAR:186
304,BIHAR:213
305,BIHAR:199
306,BIHAR:198
307,BIHAR:228
308,BIHAR:224
309,BIHAR:227
310,BIHAR:226
311,BIHAR:193
312,BIHAR:190
313,BIHAR:171
314,BIHAR:196
315,BIHAR:245
316,BIHAR:242
317,BIHAR:246
318,BIHAR:167
319,BIHAR:187
320,BIHAR:168
321,BIHAR:166
322,BIHAR:229
323,BIHAR:192
324,BIHAR:197
325,BIHAR:231
326,BIHAR:180
327,BIHAR:243
328,BIHAR:244
329,BIHAR:225
330,BIHAR:179
331,BIHAR:233
332,BIHAR:194
333,BIHAR:230
334,BIHAR:234
335,BIHAR:240
336,BIHAR:191
337,BIHAR:195
338,BIHAR:241
339,BIHAR:260
340,BIHAR:172
341,BIHAR:173
342,BIHAR:248
343,BIHAR:247
344,BIHAR:235
345,BIHAR:188
346,BIHAR:256
347,BIHAR:257
348,BIHAR:175
349,BIHAR:189
350,BIHAR:232
351,BIHAR:178
352,BIHAR:236
353,BIHAR:174
354,BIHAR:239
355,BIHAR:261
356,BIHAR:259
357,BIHAR:238
358,BIHAR:249
359,BIHAR:176
360,BIHAR:250
361,BIHAR:252
362,BIHAR:237
363,BIHAR:255
364,BIHAR:258
365,BIHAR:177
366,BIHAR:253
367,BIHAR:254
368,BIHAR:251
369,HARYANA:1
370,HARYANA:2
371,HARYANA:3
372,HARYANA:4
373,HARYANA:9
374,HARYANA:8
375,HARYANA:7
376,HARYANA:10
377,HARYANA:6
378,HARYANA:20
379,HARYANA:5
380,HARYANA:24
381,HARYANA:21
382,HARYANA:23
383,HARYANA:22
384,HARYANA:11
385,HARYANA:84
386,HARYANA:12
387,HARYANA:25
388,HARYANA:83
389,HARYANA:26
390,HARYANA:45
391,HARYANA:27
392,HARYANA:14
393,HARYANA:44
394,HARYANA:13
395,HARYANA:77
396,HARYANA:15
397,HARYANA:76
398,HARYANA:82
399,HARYANA:81
400,HARYANA:78
401,HARYANA:16
402,HARYANA:47
403,HARYANA:46
404,HARYANA:80
405,HARYANA:70
406,HARYANA:75
407,HARYANA:50
408,HARYANA:19
409,HARYANA:73
410,HARYANA:18
411,HARYANA:48
412,HARYANA:17
413,HARYANA:71
414,HARYANA:79
415,HARYANA:74
416,HARYANA:49
417,HARYANA:38
418,HARYANA:40
419,HARYANA:39
420,HARYANA:72
421,HARYANA:41
422,HARYANA:31
423,HARYANA:42
424,HARYANA:69
425,HARYANA:29
426,HARYANA:65
427,HARYANA:43
428,HARYANA:32
429,HARYANA:30
430,HARYANA:67
431,HARYANA:66
432,HARYANA:68
433,HARYANA:28
434,HARYANA:37
435,HARYANA:33
436,HARYANA:36
437,HARYANA:64
438,HARYANA:35
439,HARYANA:34
440,HARYANA:63
441,HARYANA:61
442,HARYANA:52
443,HARYANA:62
444,HARYANA:87
445,HARYANA:60
446,HARYANA:53
447,HARYANA:88
448,HARYANA:51
449,HARYANA:59
450,HARYANA:86
451,HARYANA:54
452,HARYANA:85
453,HARYANA:89
454,HARYANA:55
455,HARYANA:58
456,HARYANA:56
457,HARYANA:57
458,BIHAR:147
459,BIHAR:148
460,BIHAR:164
461,BIHAR:163
462,BIHAR:149
463,BIHAR:151
464,BIHAR:150
465,BIHAR:262
466,BIHAR:162
467,BIHAR:271
468,BIHAR:324
469,BIHAR:161
470,BIHAR:158
471,BIHAR:273
472,BIHAR:152
473,BIHAR:263
474,BIHAR:159
475,BIHAR:322
476,BIHAR:264
477,BIHAR:321
478,BIHAR:153
479,BIHAR:323
480,BIHAR:160
481,BIHAR:274
482,BIHAR:157
483,BIHAR:270
484,BIHAR:319
485,BIHAR:265
486,BIHAR:318
487,BIHAR:272
488,BIHAR:156
489,BIHAR:275
490,BIHAR:320
491,BIHAR:269
492,BIHAR:276
493,BIHAR:155
494,BIHAR:154
495,BIHAR:268
496,BIHAR:316
497,BIHAR:280
498,BIHAR:266
499,BIHAR:277
500,BIHAR:317
501,BIHAR:282
502,BIHAR:283
503,BIHAR:281
504,BIHAR:284
505,BIHAR:278
506,BIHAR:285
507,BIHAR:279
508,BIHAR:308
509,BIHAR:286
510,BIHAR:267
511,BIHAR:315
512,BIHAR:309
513,BIHAR:314
514,BIHAR:305
515,BIHAR:307
516,BIHAR:304
517,BIHAR:306
518,BIHAR:313
519,BIHAR:310
520,BIHAR:303
521,BIHAR:301
522,BIHAR:293
523,BIHAR:302
524,BIHAR:290
525,BIHAR:312
526,BIHAR:300
527,BIHAR:294
528,BIHAR:299
529,BIHAR:291
530,BIHAR:292
531,BIHAR:311
532,BIHAR:288
533,BIHAR:289
534,BIHAR:295
535,BIHAR:298
536,BIHAR:287
537,BIHAR:297
538,BIHAR:296
539,NAGALAND:41
540,NAGALAND:42
541,NAGALAND:43
542,NAGALAND:44
543,NAGALAND:49
544,NAGALAND:21
545,NAGALAND:46
546,NAGALAND:29
547,NAGALAND:30
548,NAGALAND:47
549,NAGALAND:45
550,NAGALAND:22
551,NAGALAND:48
552,NAGALAND:40
553,NAGALAND:55
554,NAGALAND:50
555,NAGALAND:24
556,NAGALAND:23
557,NAGALAND:51
558,NAGALAND:54
559,NAGALAND:28
560,NAGALAND:25
561,NAGALAND:27
562,NAGALAND:56
563,NAGALAND:39
564,NAGALAND:52
565,NAGALAND:26
566,NAGALAND:53
567,NAGALAND:31
568,NAGALAND:38
569,NAGALAND:33
570,NAGALAND:58
571,NAGALAND:37
572,NAGALAND:32
573,NAGALAND:57
574,NAGALAND:35
575,NAGALAND:34
576,NAGALAND:36
577,NAGALAND:60
578,NAGALAND:59
579,NAGALAND:12
580,NAGALAND:13
581,NAGALAND:1
582,NAGALAND:19
583,NAGALAND:2
584,NAGALAND:11
585,NAGALAND:4
586,NAGALAND:3
587,NAGALAND:5
588,NAGALAND:18
589,NAGALAND:20
590,NAGALAND:8
591,NAGALAND:9
592,NAGALAND:17
593,NAGALAND:7
594,NAGALAND:10
595,NAGALAND:6
596,NAGALAND:14
597,NAGALAND:15
598,NAGALAND:16
599,PUNJAB:10
600,PUNJAB:11
601,PUNJAB:9
602,PUNJAB:8
603,PUNJAB:6
604,PUNJAB:52
605,PUNJAB:20
606,PUNJAB:1
607,PUNJAB:7
608,PUNJAB:3
609,PUNJAB:5
610,PUNJAB:51
611,PUNJAB:2
612,PUNJAB:13
613,PUNJAB:50
614,PUNJAB:4
615,PUNJAB:21
616,PUNJAB:14
617,PUNJAB:49
618,PUNJAB:12
619,PUNJAB:17
620,PUNJAB:16
621,PUNJAB:40
622,PUNJAB:15
623,PUNJAB:47
624,PUNJAB:28
625,PUNJAB:22
626,PUNJAB:18
627,PUNJAB:48
628,PUNJAB:19
629,PUNJAB:23
630,PUNJAB:33
631,PUNJAB:24
632,PUNJAB:45
633,PUNJAB:41
634,PUNJAB:65
635,PUNJAB:42
636,PUNJAB:27
637,PUNJAB:46
638,PUNJAB:26
639,PUNJAB:25
640,PUNJAB:43
641,PUNJAB:29
642,PUNJAB:30
643,PUNJAB:37
644,PUNJAB:31
645,PUNJAB:32
646,PUNJAB:66
647,PUNJAB:38
648,PUNJAB:34
649,PUNJAB:44
650,PUNJAB:35
651,PUNJAB:67
652,PUNJAB:97
653,PUNJAB:39
654,PUNJAB:36
655,PUNJAB:95
656,PUNJAB:98
657,PUNJAB:57
658,PUNJAB:62
659,PUNJAB:96
660,PUNJAB:55
661,PUNJAB:53
662,PUNJAB:58
663,PUNJAB:59
664,PUNJAB:94
665,PUNJAB:68
666,PUNJAB:63
667,PUNJAB:100
668,PUNJAB:60
669,PUNJAB:99
670,PUNJAB:61
671,PUNJAB:104
672,PUNJAB:54
673,PUNJAB:69
674,PUNJAB:56
675,PUNJAB:999
676,PUNJAB:79
677,PUNJAB:64
678,PUNJAB:102
679,PUNJAB:101
680,PUNJAB:81
681,PUNJAB:70
682,PUNJAB:78
683,PUNJAB:105
684,PUNJAB:93
685,PUNJAB:82
686,PUNJAB:80
687,PUNJAB:84
688,PUNJAB:113
689,PUNJAB:71
690,PUNJAB:77
691,PUNJAB:103
692,PUNJAB:83
693,PUNJAB:75
694,PUNJAB:106
695,PUNJAB:72
696,PUNJAB:112
697,PUNJAB:90
698,PUNJAB:92
699,PUNJAB:76
700,PUNJAB:107
701,PUNJAB:85
702,PUNJAB:86
703,PUNJAB:108
704,PUNJAB:88
705,PUNJAB:114
706,PUNJAB:73
707,PUNJAB:87
708,PUNJAB:111
709,PUNJAB:74
710,PUNJAB:91
711,PUNJAB:109
712,PUNJAB:115
713,PUNJAB:110
714,PUNJAB:89
715,PUNJAB:116
716,PUNJAB:117
717,WEST BENGAL:23
718,WEST BENGAL:22
719,WEST BENGAL:24
720,WEST BENGAL:16
721,WEST BENGAL:18
722,WEST BENGAL:25
723,WEST BENGAL:11
724,WEST BENGAL:19
725,WEST BENGAL:21
726,WEST BENGAL:14
727,WEST BENGAL:25
728,WEST BENGAL:26
729,WEST BENGAL:15
730,WEST BENGAL:10
731,WEST BENGAL:17
732,WEST BENGAL:13
733,WEST BENGAL:20
734,WEST BENGAL:12
735,WEST BENGAL:1
736,WEST BENGAL:3
737,WEST BENGAL:4
738,WEST BENGAL:27
739,WEST BENGAL:5
740,WEST BENGAL:9
741,WEST BENGAL:2
742,WEST BENGAL:8
743,WEST BENGAL:28
744,WEST BENGAL:6
745,WEST BENGAL:7
746,WEST BENGAL:29
747,WEST BENGAL:30
748,WEST BENGAL:31
749,WEST BENGAL:32
750,WEST BENGAL:33
751,WEST BENGAL:34
752,WEST BENGAL:42
753,WEST BENGAL:37
754,WEST BENGAL:35
755,WEST BENGAL:41
756,WEST BENGAL:36
757,WEST BENGAL:43
758,WEST BENGAL:38
759,WEST BENGAL:39
760,WEST BENGAL:40
761,WEST BENGAL:44
762,WEST BENGAL:47
763,WEST BENGAL:45
764,WEST BENGAL:46
765,WEST BENGAL:48
766,WEST BENGAL:50
767,WEST BENGAL:49
768,WEST BENGAL:51
769,WEST BENGAL:52
770,WEST BENGAL:294
771,WEST BENGAL:54
772,WEST BENGAL:55
773,WEST BENGAL:53
774,WEST BENGAL:293
775,WEST BENGAL:56
776,WEST BENGAL:59
777,WEST BENGAL:292
778,WEST BENGAL:58
779,WEST BENGAL:57
780,WEST BENGAL:291
781,WEST BENGAL:60
782,WEST BENGAL:66
783,WEST BENGAL:62
784,WEST BENGAL:63
785,WEST BENGAL:289
786,WEST BENGAL:65
787,WEST BENGAL:69
788,WEST BENGAL:290
789,WEST BENGAL:287
790,WEST BENGAL:64
791,WEST BENGAL:61
792,WEST BENGAL:67
793,WEST BENGAL:288
794,WEST BENGAL:70
795,WEST BENGAL:68
796,WEST BENGAL:285
797,WEST BENGAL:258
798,WEST BENGAL:283
799,WEST BENGAL:73
800,WEST BENGAL:282
801,WEST BENGAL:286
802,WEST BENGAL:262
803,WEST BENGAL:72
804,WEST BENGAL:284
805,WEST BENGAL:257
806,WEST BENGAL:263
807,WEST BENGAL:259
808,WEST BENGAL:264
809,WEST BENGAL:261
810,WEST BENGAL:241
811,WEST BENGAL:71
812,WEST BENGAL:260
813,WEST BENGAL:266
814,WEST BENGAL:240
815,WEST BENGAL:280
816,WEST BENGAL:281
817,WEST BENGAL:249
818,WEST BENGAL:267
819,WEST BENGAL:279
820,WEST BENGAL:265
821,WEST BENGAL:74
822,WEST BENGAL:238
823,WEST BENGAL:242
824,WEST BENGAL:243
825,WEST BENGAL:76
826,WEST BENGAL:248
827,WEST BENGAL:268
828,WEST BENGAL:250
829,WEST BENGAL:278
830,WEST BENGAL:237
831,WEST BENGAL:239
832,WEST BENGAL:77
833,WEST BENGAL:75
834,WEST BENGAL:277
835,WEST BENGAL:256
836,WEST BENGAL:236
837,WEST BENGAL:79
838,WEST BENGAL:269
839,WEST BENGAL:251
840,WEST BENGAL:270
841,WEST BENGAL:275
842,WEST BENGAL:78
843,WEST BENGAL:234
844,WEST BENGAL:80
845,WEST BENGAL:247
846,WEST BENGAL:276
847,WEST BENGAL:271
848,WEST BENGAL:252
849,WEST BENGAL:272
850,WEST BENGAL:84
851,WEST BENGAL:255
852,WEST BENGAL:81
853,WEST BENGAL:235
854,WEST BENGAL:188
855,WEST BENGAL:253
856,WEST BENGAL:273
857,WEST BENGAL:274
858,WEST BENGAL:189
859,WEST BENGAL:254
860,WEST BENGAL:82
861,WEST BENGAL:85
862,WEST BENGAL:244
863,WEST BENGAL:246
864,WEST BENGAL:83
865,WEST BENGAL:191
866,WEST BENGAL:233
867,WEST BENGAL:187
868,WEST BENGAL:190
869,WEST BENGAL:195
870,WEST BENGAL:86
871,WEST BENGAL:186
872,WEST BENGAL:194
873,WEST BENGAL:128
874,WEST BENGAL:192
875,WEST BENGAL:129
876,WEST BENGAL:185
877,WEST BENGAL:221
878,WEST BENGAL:220
879,WEST BENGAL:89
880,WEST BENGAL:88
881,WEST BENGAL:245
882,WEST BENGAL:93
883,WEST BENGAL:184
884,WEST BENGAL:182
885,WEST BENGAL:130
886,WEST BENGAL:183
887,WEST BENGAL:131
888,WEST BENGAL:196
889,WEST BENGAL:94
890,WEST BENGAL:87
891,WEST BENGAL:181
892,WEST BENGAL:132
893,WEST BENGAL:134
894,WEST BENGAL:177
895,WEST BENGAL:232
896,WEST BENGAL:197
897,WEST BENGAL:178
898,WEST BENGAL:176
899,WEST BENGAL:90
900,WEST BENGAL:193
901,WEST BENGAL:133
902,WEST BENGAL:180
903,WEST BENGAL:92
904,WEST BENGAL:222
905,WEST BENGAL:179
906,WEST BENGAL:95
907,WEST BENGAL:175
908,WEST BENGAL:135
909,WEST BENGAL:167
910,WEST BENGAL:219
911,WEST BENGAL:138
912,WEST BENGAL:136
913,WEST BENGAL:166
914,WEST BENGAL:161
915,WEST BENGAL:91
916,WEST BENGAL:137
917,WEST BENGAL:198
918,WEST BENGAL:96
919,WEST BENGAL:97
920,WEST BENGAL:107
921,WEST BENGAL:139
922,WEST BENGAL:168
923,WEST BENGAL:165
924,WEST BENGAL:162
925,WEST BENGAL:174
926,WEST BENGAL:160
927,WEST BENGAL:169
928,WEST BENGAL:163
929,WEST BENGAL:140
930,WEST BENGAL:141
931,WEST BENGAL:158
932,WEST BENGAL:159
933,WEST BENGAL:142
934,WEST BENGAL:164
935,WEST BENGAL:143
936,WEST BENGAL:231
937,WEST BENGAL:157
938,WEST BENGAL:155
939,WEST BENGAL:144
940,WEST BENGAL:99
941,WEST BENGAL:156
942,WEST BENGAL:114
943,WEST BENGAL:218
944,WEST BENGAL:147
945,WEST BENGAL:145
946,WEST BENGAL:154
947,WEST BENGAL:109
948,WEST BENGAL:146
949,WEST BENGAL:153
950,WEST BENGAL:115
951,WEST BENGAL:199
952,WEST BENGAL:152
953,WEST BENGAL:223
954,WEST BENGAL:170
955,WEST BENGAL:148
956,WEST BENGAL:173
957,WEST BENGAL:149
958,WEST BENGAL:201
959,WEST BENGAL:151
960,WEST BENGAL:113
961,WEST BENGAL:108
962,WEST BENGAL:150
963,WEST BENGAL:106
964,WEST BENGAL:98
965,WEST BENGAL:116
966,WEST BENGAL:112
967,WEST BENGAL:117
968,WEST BENGAL:171
969,WEST BENGAL:111
970,WEST BENGAL:225
971,WEST BENGAL:110
972,WEST BENGAL:105
973,WEST BENGAL:104
974,WEST BENGAL:172
975,WEST BENGAL:200
976,WEST BENGAL:101
977,WEST BENGAL:202
978,WEST BENGAL:230
979,WEST BENGAL:118
980,WEST BENGAL:224
981,WEST BENGAL:203
982,WEST BENGAL:120
983,WEST BENGAL:217
984,WEST BENGAL:121
985,WEST BENGAL:226
986,WEST BENGAL:100
987,WEST BENGAL:119
988,WEST BENGAL:103
989,WEST BENGAL:101
990,WEST BENGAL:101
991,WEST BENGAL:204
992,WEST BENGAL:207
993,WEST BENGAL:216
994,WEST BENGAL:100
995,WEST BENGAL:229
996,WEST BENGAL:101
997,WEST BENGAL:102
998,WEST BENGAL:122
999,WEST BENGAL:227
1000,WEST BENGAL:102
1001,WEST BENGAL:101
1002,WEST BENGAL:100
1003,WEST BENGAL:205
1004,WEST BENGAL:208
1005,WEST BENGAL:100
1006,WEST BENGAL:124
1007,WEST BENGAL:100
1008,WEST BENGAL:100
1009,WEST BENGAL:123
1010,WEST BENGAL:100
1011,WEST BENGAL:215
1012,WEST BENGAL:206
1013,WEST BENGAL:102
1014,WEST BENGAL:100
1015,WEST BENGAL:214
1016,WEST BENGAL:228
1017,WEST BENGAL:100
1018,WEST BENGAL:100
1019,WEST BENGAL:209
1020,WEST BENGAL:100
1021,WEST BENGAL:100
1022,WEST BENGAL:126
1023,WEST BENGAL:125
1024,WEST BENGAL:100
1025,WEST BENGAL:102
1026,WEST BENGAL:100
1027,WEST BENGAL:100
1028,WEST BENGAL:100
1029,WEST BENGAL:100
1030,WEST BENGAL:213
1031,WEST BENGAL:127
1032,WEST BENGAL:210
1033,WEST BENGAL:100
1034,WEST BENGAL:100
1035,WEST BENGAL:102
1036,WEST BENGAL:127
1037,WEST BENGAL:125
1038,WEST BENGAL:125
1039,WEST BENGAL:100
1040,WEST BENGAL:102
1041,WEST BENGAL:100
1042,WEST BENGAL:127
1043,WEST BENGAL:102
1044,WEST BENGAL:100
1045,WEST BENGAL:125
1046,WEST BENGAL:102
1047,WEST BENGAL:127
1048,WEST BENGAL:100
1049,WEST BENGAL:100
1050,WEST BENGAL:100
1051,WEST BENGAL:211
1052,WEST BENGAL:100
1053,WEST BENGAL:125
1054,WEST BENGAL:102
1055,WEST BENGAL:125
1056,WEST BENGAL:100
1057,WEST BENGAL:125
1058,WEST BENGAL:100
1059,WEST BENGAL:100
1060,WEST BENGAL:100
1061,WEST BENGAL:100
1062,WEST BENGAL:125
1063,WEST BENGAL:100
1064,WEST BENGAL:102
1065,WEST BENGAL:100
1066,WEST BENGAL:125
1067,WEST BENGAL:212
1068,WEST BENGAL:125
1069,WEST BENGAL:127
1070,WEST BENGAL:102
1071,WEST BENGAL:126
1072,WEST BENGAL:100
1073,WEST BENGAL:102
1074,WEST BENGAL:125
1075,WEST BENGAL:102
1076,WEST BENGAL:125
1077,WEST BENGAL:125
1078,WEST BENGAL:127
1079,WEST BENGAL:100
1080,WEST BENGAL:100
1081,WEST BENGAL:100
1082,WEST BENGAL:100
1083,WEST BENGAL:125
1084,WEST BENGAL:102
1085,WEST BENGAL:127
1086,WEST BENGAL:100
1087,WEST BENGAL:102
1088,WEST BENGAL:100
1089,WEST BENGAL:100
1090,WEST BENGAL:100
1091,WEST BENGAL:102
1092,WEST BENGAL:100
1093,WEST BENGAL:127
1094,WEST BENGAL:125
1095,WEST BENGAL:100
1096,WEST BENGAL:100
1097,WEST BENGAL:102
1098,WEST BENGAL:102
1099,WEST BENGAL:100
1100,WEST BENGAL:100
1101,WEST BENGAL:102
1102,WEST BENGAL:100
1103,WEST BENGAL:100
1104,WEST BENGAL:127
1105,WEST BENGAL:100
1106,WEST BENGAL:102
1107,WEST BENGAL:100
1108,WEST BENGAL:100
1109,WEST BENGAL:127
1110,WEST BENGAL:100
1111,WEST BENGAL:102
1112,WEST BENGAL:100
1113,WEST BENGAL:100
1114,HARYANA:90
1115,ARUNACHAL PRADESH:41
1116,ARUNACHAL PRADESH:34
1117,ARUNACHAL PRADESH:33
1118,ARUNACHAL PRADESH:32
1119,ARUNACHAL PRADESH:40
1120,ARUNACHAL PRADESH:22
1121,ARUNACHAL PRADESH:23
1122,ARUNACHAL PRADESH:35
1123,ARUNACHAL PRADESH:43
1124,ARUNACHAL PRADESH:42
1125,ARUNACHAL PRADESH:45
1126,ARUNACHAL PRADESH:27
1127,ARUNACHAL PRADESH:44
1128,ARUNACHAL PRADESH:21
1129,ARUNACHAL PRADESH:39
1130,ARUNACHAL PRADESH:20
1131,ARUNACHAL PRADESH:24
1132,ARUNACHAL PRADESH:38
1133,ARUNACHAL PRADESH:31
1134,ARUNACHAL PRADESH:30
1135,ARUNACHAL PRADESH:26
1136,ARUNACHAL PRADESH:37
1137,ARUNACHAL PRADESH:29
1138,ARUNACHAL PRADESH:25
1139,ARUNACHAL PRADESH:36
1140,ARUNACHAL PRADESH:46
1141,ARUNACHAL PRADESH:8
1142,ARUNACHAL PRADESH:19
1143,ARUNACHAL PRADESH:18
1144,ARUNACHAL PRADESH:3
1145,ARUNACHAL PRADESH:28
1146,ARUNACHAL PRADESH:1
1147,ARUNACHAL PRADESH:9
1148,ARUNACHAL PRADESH:47
1149,ARUNACHAL PRADESH:7
1150,ARUNACHAL PRADESH:16
1151,ARUNACHAL PRADESH:2
1152,ARUNACHAL PRADESH:48
1153,ARUNACHAL PRADESH:49
1154,ARUNACHAL PRADESH:4
1155,ARUNACHAL PRADESH:50
1156,ARUNACHAL PRADESH:15
1157,ARUNACHAL PRADESH:17
1158,ARUNACHAL PRADESH:14
1159,ARUNACHAL PRADESH:10
1160,ARUNACHAL PRADESH:11
1161,ARUNACHAL PRADESH:51
1162,ARUNACHAL PRADESH:6
1163,ARUNACHAL PRADESH:12
1164,ARUNACHAL PRADESH:5
1165,ARUNACHAL PRADESH:53
1166,ARUNACHAL PRADESH:54
1167,ARUNACHAL PRADESH:13
1168,ARUNACHAL PRADESH:52
1169,ARUNACHAL PRADESH:57
1170,ARUNACHAL PRADESH:58
1171,ARUNACHAL PRADESH:55
1172,ARUNACHAL PRADESH:56
1173,ARUNACHAL PRADESH:59
1174,ARUNACHAL PRADESH:60
1175,ANDHRA PRADESH:242
1176,ANDHRA PRADESH:241
1177,ANDHRA PRADESH:244
1178,ANDHRA PRADESH:246
1179,ANDHRA PRADESH:243
1180,ANDHRA PRADESH:239
1181,ANDHRA PRADESH:240
1182,ANDHRA PRADESH:245
1183,ANDHRA PRADESH:247
1184,ANDHRA PRADESH:8
1185,ANDHRA PRADESH:1
1186,ANDHRA PRADESH:257
1187,ANDHRA PRADESH:258
1188,ANDHRA PRADESH:7
1189,ANDHRA PRADESH:230
1190,ANDHRA PRADESH:236
1191,ANDHRA PRADESH:2
1192,ANDHRA PRADESH:256
1193,ANDHRA PRADESH:238
1194,ANDHRA PRADESH:231
1195,ANDHRA PRADESH:248
1196,ANDHRA PRADESH:250
1197,ANDHRA PRADESH:9
1198,ANDHRA PRADESH:255
1199,ANDHRA PRADESH:6
1200,ANDHRA PRADESH:3
1201,ANDHRA PRADESH:11
1202,ANDHRA PRADESH:4
1203,ANDHRA PRADESH:13
1204,ANDHRA PRADESH:237
1205,ANDHRA PRADESH:235
1206,ANDHRA PRADESH:249
1207,ANDHRA PRADESH:10
1208,ANDHRA PRADESH:14
1209,ANDHRA PRADESH:5
1210,ANDHRA PRADESH:259
1211,ANDHRA PRADESH:274
1212,ANDHRA PRADESH:15
1213,ANDHRA PRADESH:273
1214,ANDHRA PRADESH:12
1215,ANDHRA PRADESH:234
1216,ANDHRA PRADESH:254
1217,ANDHRA PRADESH:29
1218,ANDHRA PRADESH:260
1219,ANDHRA PRADESH:272
1220,ANDHRA PRADESH:233
1221,ANDHRA PRADESH:252
1222,ANDHRA PRADESH:232
1223,ANDHRA PRADESH:18
1224,ANDHRA PRADESH:19
1225,ANDHRA PRADESH:16
1226,ANDHRA PRADESH:253
1227,ANDHRA PRADESH:28
1228,ANDHRA PRADESH:17
1229,ANDHRA PRADESH:21
1230,ANDHRA PRADESH:251
1231,ANDHRA PRADESH:226
1232,ANDHRA PRADESH:220
1233,ANDHRA PRADESH:221
1234,ANDHRA PRADESH:271
1235,ANDHRA PRADESH:30
1236,ANDHRA PRADESH:227
1237,ANDHRA PRADESH:22
1238,ANDHRA PRADESH:20
1239,ANDHRA PRADESH:228
1240,ANDHRA PRADESH:275
1241,ANDHRA PRADESH:270
1242,ANDHRA PRADESH:23
1243,ANDHRA PRADESH:266
1244,ANDHRA PRADESH:282
1245,ANDHRA PRADESH:37
1246,ANDHRA PRADESH:27
1247,ANDHRA PRADESH:268
1248,ANDHRA PRADESH:261
1249,ANDHRA PRADESH:269
1250,ANDHRA PRADESH:229
1251,ANDHRA PRADESH:38
1252,ANDHRA PRADESH:222
1253,ANDHRA PRADESH:31
1254,ANDHRA PRADESH:223
1255,ANDHRA PRADESH:26
1256,ANDHRA PRADESH:267
1257,ANDHRA PRADESH:225
1258,ANDHRA PRADESH:33
1259,ANDHRA PRADESH:276
1260,ANDHRA PRADESH:265
1261,ANDHRA PRADESH:262
1262,ANDHRA PRADESH:291
1263,ANDHRA PRADESH:32
1264,ANDHRA PRADESH:24
1265,ANDHRA PRADESH:263
1266,ANDHRA PRADESH:36
1267,ANDHRA PRADESH:25
1268,ANDHRA PRADESH:219
1269,ANDHRA PRADESH:224
1270,ANDHRA PRADESH:292
1271,ANDHRA PRADESH:202
1272,ANDHRA PRADESH:34
1273,ANDHRA PRADESH:264
1274,ANDHRA PRADESH:290
1275,ANDHRA PRADESH:281
1276,ANDHRA PRADESH:283
1277,ANDHRA PRADESH:45
1278,ANDHRA PRADESH:211
1279,ANDHRA PRADESH:214
1280,ANDHRA PRADESH:204
1281,ANDHRA PRADESH:44
1282,ANDHRA PRADESH:201
1283,ANDHRA PRADESH:209
1284,ANDHRA PRADESH:208
1285,ANDHRA PRADESH:277
1286,ANDHRA PRADESH:35
1287,ANDHRA PRADESH:213
1288,ANDHRA PRADESH:73
1289,ANDHRA PRADESH:206
1290,ANDHRA PRADESH:210
1291,ANDHRA PRADESH:207
1292,ANDHRA PRADESH:279
1293,ANDHRA PRADESH:212
1294,ANDHRA PRADESH:215
1295,ANDHRA PRADESH:216
1296,ANDHRA PRADESH:217
1297,ANDHRA PRADESH:280
1298,ANDHRA PRADESH:288
1299,ANDHRA PRADESH:284
1300,ANDHRA PRADESH:289
1301,ANDHRA PRADESH:203
1302,ANDHRA PRADESH:218
1303,ANDHRA PRADESH:39
1304,ANDHRA PRADESH:278
1305,ANDHRA PRADESH:42
1306,ANDHRA PRADESH:205
1307,ANDHRA PRADESH:46
1308,ANDHRA PRADESH:200
1309,ANDHRA PRADESH:293
1310,ANDHRA PRADESH:74
1311,ANDHRA PRADESH:191
1312,ANDHRA PRADESH:71
1313,ANDHRA PRADESH:47
1314,ANDHRA PRADESH:285
1315,ANDHRA PRADESH:43
1316,ANDHRA PRADESH:41
1317,ANDHRA PRADESH:72
1318,ANDHRA PRADESH:81
1319,ANDHRA PRADESH:68
1320,ANDHRA PRADESH:75
1321,ANDHRA PRADESH:80
1322,ANDHRA PRADESH:40
1323,ANDHRA PRADESH:50
1324,ANDHRA PRADESH:190
1325,ANDHRA PRADESH:48
1326,ANDHRA PRADESH:286
1327,ANDHRA PRADESH:287
1328,ANDHRA PRADESH:49
1329,ANDHRA PRADESH:67
1330,ANDHRA PRADESH:192
1331,ANDHRA PRADESH:52
1332,ANDHRA PRADESH:56
1333,ANDHRA PRADESH:294
1334,ANDHRA PRADESH:82
1335,ANDHRA PRADESH:51
1336,ANDHRA PRADESH:69
1337,ANDHRA PRADESH:64
1338,ANDHRA PRADESH:193
1339,ANDHRA PRADESH:65
1340,ANDHRA PRADESH:76
1341,ANDHRA PRADESH:105
1342,ANDHRA PRADESH:199
1343,ANDHRA PRADESH:198
1344,PONDICHERRY:999
1345,ANDHRA PRADESH:66
1346,ANDHRA PRADESH:70
1347,ANDHRA PRADESH:188
1348,ANDHRA PRADESH:106
1349,ANDHRA PRADESH:55
1350,ANDHRA PRADESH:53
1351,ANDHRA PRADESH:63
1352,ANDHRA PRADESH:79
1353,ANDHRA PRADESH:87
1354,ANDHRA PRADESH:61
1355,ANDHRA PRADESH:57
1356,ANDHRA PRADESH:83
1357,ANDHRA PRADESH:194
1358,ANDHRA PRADESH:62
1359,ANDHRA PRADESH:107
1360,ANDHRA PRADESH:189
1361,ANDHRA PRADESH:60
1362,ANDHRA PRADESH:54
1363,ANDHRA PRADESH:103
1364,ANDHRA PRADESH:86
1365,ANDHRA PRADESH:77
1366,ANDHRA PRADESH:78
1367,ANDHRA PRADESH:85
1368,ANDHRA PRADESH:102
1369,ANDHRA PRADESH:104
1370,ANDHRA PRADESH:58
1371,ANDHRA PRADESH:59
1372,ANDHRA PRADESH:84
1373,ANDHRA PRADESH:88
1374,ANDHRA PRADESH:95
1375,ANDHRA PRADESH:109
1376,ANDHRA PRADESH:108
1377,ANDHRA PRADESH:197
1378,ANDHRA PRADESH:101
1379,ANDHRA PRADESH:100
1380,ANDHRA PRADESH:195
1381,ANDHRA PRADESH:99
1382,ANDHRA PRADESH:96
1383,ANDHRA PRADESH:110
1384,ANDHRA PRADESH:90
1385,ANDHRA PRADESH:122
1386,ANDHRA PRADESH:121
1387,ANDHRA PRADESH:196
1388,ANDHRA PRADESH:94
1389,ANDHRA PRADESH:89
1390,ANDHRA PRADESH:93
1391,ANDHRA PRADESH:113
1392,ANDHRA PRADESH:187
1393,ANDHRA PRADESH:97
1394,ANDHRA PRADESH:91
1395,ANDHRA PRADESH:185
1396,ANDHRA PRADESH:112
1397,ANDHRA PRADESH:92
1398,ANDHRA PRADESH:98
1399,ANDHRA PRADESH:177
1400,ANDHRA PRADESH:176
1401,ANDHRA PRADESH:114
1402,ANDHRA PRADESH:179
1403,ANDHRA PRADESH:178
1404,ANDHRA PRADESH:111
1405,ANDHRA PRADESH:120
1406,ANDHRA PRADESH:180
1407,ANDHRA PRADESH:116
1408,ANDHRA PRADESH:115
1409,ANDHRA PRADESH:186
1410,ANDHRA PRADESH:181
1411,ANDHRA PRADESH:184
1412,ANDHRA PRADESH:175
1413,ANDHRA PRADESH:123
1414,ANDHRA PRADESH:119
1415,ANDHRA PRADESH:118
1416,ANDHRA PRADESH:183
1417,ANDHRA PRADESH:182
1418,ANDHRA PRADESH:117
1419,ANDHRA PRADESH:170
1420,ANDHRA PRADESH:155
1421,ANDHRA PRADESH:174
1422,ANDHRA PRADESH:169
1423,ANDHRA PRADESH:124
1424,ANDHRA PRADESH:168
1425,ANDHRA PRADESH:158
1426,ANDHRA PRADESH:125
1427,ANDHRA PRADESH:156
1428,ANDHRA PRADESH:157
1429,ANDHRA PRADESH:171
1430,ANDHRA PRADESH:173
1431,ANDHRA PRADESH:126
1432,ANDHRA PRADESH:128
1433,ANDHRA PRADESH:172
1434,ANDHRA PRADESH:159
1435,ANDHRA PRADESH:167
1436,ANDHRA PRADESH:160
1437,ANDHRA PRADESH:127
1438,ANDHRA PRADESH:151
1439,ANDHRA PRADESH:154
1440,ANDHRA PRADESH:131
1441,ANDHRA PRADESH:166
1442,ANDHRA PRADESH:129
1443,ANDHRA PRADESH:161
1444,ANDHRA PRADESH:130
1445,ANDHRA PRADESH:153
1446,ANDHRA PRADESH:163
1447,ANDHRA PRADESH:150
1448,ANDHRA PRADESH:134
1449,ANDHRA PRADESH:132
1450,ANDHRA PRADESH:162
1451,ANDHRA PRADESH:165
1452,ANDHRA PRADESH:152
1453,ANDHRA PRADESH:145
1454,ANDHRA PRADESH:164
1455,ANDHRA PRADESH:133
1456,ANDHRA PRADESH:136
1457,ANDHRA PRADESH:135
1458,ANDHRA PRADESH:146
1459,ANDHRA PRADESH:147
1460,ANDHRA PRADESH:149
1461,ANDHRA PRADESH:144
1462,ANDHRA PRADESH:148
1463,ANDHRA PRADESH:138
1464,ANDHRA PRADESH:143
1465,ANDHRA PRADESH:137
1466,ANDHRA PRADESH:139
1467,ANDHRA PRADESH:140
1468,ANDHRA PRADESH:141
1469,ANDHRA PRADESH:142
1470,ARUNACHAL PRADESH:41
1471,ARUNACHAL PRADESH:32
1472,ARUNACHAL PRADESH:40
1473,ARUNACHAL PRADESH:22
1474,ARUNACHAL PRADESH:23
1475,ARUNACHAL PRADESH:42
1476,ARUNACHAL PRADESH:27
1477,ARUNACHAL PRADESH:44
1478,ARUNACHAL PRADESH:24
1479,ARUNACHAL PRADESH:38
1480,ARUNACHAL PRADESH:31
1481,ARUNACHAL PRADESH:30
1482,ARUNACHAL PRADESH:26
1483,ARUNACHAL PRADESH:25
1484,ARUNACHAL PRADESH:36
1485,ARUNACHAL PRADESH:46
1486,ARUNACHAL PRADESH:19
1487,ARUNACHAL PRADESH:47
1488,ARUNACHAL PRADESH:7
1489,ARUNACHAL PRADESH:16
1490,ARUNACHAL PRADESH:48
1491,ARUNACHAL PRADESH:49
1492,ARUNACHAL PRADESH:14
1493,ARUNACHAL PRADESH:53
1494,ARUNACHAL PRADESH:54
1495,ARUNACHAL PRADESH:13
1496,ARUNACHAL PRADESH:58
1497,ARUNACHAL PRADESH:55
1498,ARUNACHAL PRADESH:56
1499,ARUNACHAL PRADESH:59
1500,ARUNACHAL PRADESH:60
1501,CHHATTISGARH:91
1502,CHHATTISGARH:87
1503,CHHATTISGARH:90
1504,CHHATTISGARH:88
1505,CHHATTISGARH:94
1506,CHHATTISGARH:92
1507,CHHATTISGARH:93
1508,CHHATTISGARH:97
1509,CHHATTISGARH:95
1510,CHHATTISGARH:98
1511,CHHATTISGARH:89
1512,CHHATTISGARH:110
1513,CHHATTISGARH:96
1514,CHHATTISGARH:109
1515,CHHATTISGARH:111
1516,CHHATTISGARH:100
1517,CHHATTISGARH:99
1518,CHHATTISGARH:107
1519,CHHATTISGARH:101
1520,CHHATTISGARH:112
1521,CHHATTISGARH:108
1522,CHHATTISGARH:102
1523,CHHATTISGARH:176
1524,CHHATTISGARH:115
1525,CHHATTISGARH:119
1526,CHHATTISGARH:113
1527,CHHATTISGARH:114
1528,CHHATTISGARH:120
1529,CHHATTISGARH:116
1530,CHHATTISGARH:104
1531,CHHATTISGARH:123
1532,CHHATTISGARH:122
1533,CHHATTISGARH:175
1534,CHHATTISGARH:118
1535,CHHATTISGARH:117
1536,CHHATTISGARH:103
1537,CHHATTISGARH:158
1538,CHHATTISGARH:124
1539,CHHATTISGARH:125
1540,CHHATTISGARH:121
1541,CHHATTISGARH:160
1542,CHHATTISGARH:132
1543,CHHATTISGARH:133
1544,CHHATTISGARH:105
1545,CHHATTISGARH:159
1546,CHHATTISGARH:174
1547,CHHATTISGARH:134
1548,CHHATTISGARH:106
1549,CHHATTISGARH:135
1550,CHHATTISGARH:136
1551,CHHATTISGARH:131
1552,CHHATTISGARH:130
1553,CHHATTISGARH:161
1554,CHHATTISGARH:137
1555,CHHATTISGARH:140
1556,CHHATTISGARH:173
1557,CHHATTISGARH:138
1558,CHHATTISGARH:129
1559,CHHATTISGARH:126
1560,CHHATTISGARH:164
1561,CHHATTISGARH:162
1562,CHHATTISGARH:163
1563,CHHATTISGARH:171
1564,CHHATTISGARH:127
1565,CHHATTISGARH:172
1566,CHHATTISGARH:139
1567,CHHATTISGARH:128
1568,CHHATTISGARH:165
1569,CHHATTISGARH:141
1570,CHHATTISGARH:170
1571,CHHATTISGARH:144
1572,CHHATTISGARH:166
1573,CHHATTISGARH:145
1574,CHHATTISGARH:167
1575,CHHATTISGARH:168
1576,CHHATTISGARH:169
1577,CHHATTISGARH:142
1578,CHHATTISGARH:143
1579,CHHATTISGARH:146
1580,CHHATTISGARH:147
1581,CHHATTISGARH:157
1582,CHHATTISGARH:148
1583,CHHATTISGARH:149
1584,CHHATTISGARH:151
1585,CHHATTISGARH:150
1586,CHHATTISGARH:156
1587,CHHATTISGARH:153
1588,CHHATTISGARH:152
1589,CHHATTISGARH:154
1590,CHHATTISGARH:155
1591,DELHI:54
1592,DELHI:22
1593,DELHI:55
1594,DELHI:55
1595,DELHI:54
1596,DELHI:21
1597,DELHI:20
1598,DELHI:52
1599,DELHI:56
1600,DELHI:51
1601,DELHI:19
1602,DELHI:61
1603,DELHI:62
1604,DELHI:46
1605,DELHI:61
1606,DELHI:62
1607,DELHI:25
1608,DELHI:45
1609,DELHI:53
1610,DELHI:60
1611,DELHI:28
1612,DELHI:50
1613,DELHI:18
1614,DELHI:24
1615,DELHI:51
1616,DELHI:48
1617,DELHI:47
1618,DELHI:17
1619,DELHI:49
1620,DELHI:23
1621,DELHI:63
1622,DELHI:27
1623,DELHI:23
1624,DELHI:44
1625,DELHI:16
1626,DELHI:64
1627,DELHI:70
1628,DELHI:65
1629,DELHI:43
1630,DELHI:41
1631,DELHI:42
1632,DELHI:15
1633,DELHI:66
1634,DELHI:64
1635,DELHI:60
1636,DELHI:68
1637,DELHI:58
1638,DELHI:59
1639,DELHI:58
1640,DELHI:26
1641,DELHI:40
1642,DELHI:65
1643,DELHI:14
1644,DELHI:69
1645,DELHI:3
1646,DELHI:67
1647,DELHI:69
1648,DELHI:57
1649,DELHI:2
1650,DELHI:3
1651,DELHI:13
1652,DELHI:12
1653,DELHI:39
1654,DELHI:11
1655,DELHI:38
1656,DELHI:12
1657,DELHI:30
1658,DELHI:37
1659,DELHI:29
1660,DELHI:2
1661,DELHI:1
1662,DELHI:10
1663,DELHI:1
1664,DELHI:5
1665,DELHI:31
1666,DELHI:6
1667,DELHI:37
1668,DELHI:4
1669,DELHI:9
1670,DELHI:4
1671,DELHI:8
1672,DELHI:9
1673,DELHI:32
1674,DELHI:6
1675,DELHI:36
1676,DELHI:7
1677,DELHI:9
1678,DELHI:36
1679,DELHI:9
1680,DELHI:34
1681,DELHI:33
1682,DELHI:8
1683,DELHI:35
1684,GOA:2
1685,GOA:3
1686,GOA:1
1687,GOA:15
1688,GOA:4
1689,GOA:18
1690,GOA:19
1691,GOA:6
1692,GOA:16
1693,GOA:5
1694,GOA:9
1695,GOA:8
1696,GOA:17
1697,GOA:7
1698,GOA:14
1699,GOA:21
1700,GOA:12
1701,GOA:10
1702,GOA:35
1703,GOA:11
1704,GOA:13
1705,GOA:20
1706,GOA:22
1707,GOA:13
1708,GOA:24
1709,GOA:23
1710,GOA:25
1711,GOA:26
1712,GOA:27
1713,GOA:24
1714,GOA:31
1715,GOA:28
1716,GOA:29
1717,GOA:34
1718,GOA:37
1719,GOA:30
1720,GOA:32
1721,GOA:36
1722,GOA:33
1723,GOA:38
1724,GOA:39
1725,GOA:40
1726,GUJARAT:99
1727,GUJARAT:888
1728,GUJARAT:95
1729,GUJARAT:100
1730,GUJARAT:102
1731,GUJARAT:96
1732,GUJARAT:103
1733,GUJARAT:98
1734,GUJARAT:95
1735,GUJARAT:94
1736,GUJARAT:95
1737,GUJARAT:101
1738,GUJARAT:97
1739,GUJARAT:90
1740,GUJARAT:87
1741,GUJARAT:89
1742,GUJARAT:104
1743,GUJARAT:3
1744,GUJARAT:6
1745,GUJARAT:6
1746,GUJARAT:94
1747,GUJARAT:88
1748,GUJARAT:105
1749,GUJARAT:91
1750,GUJARAT:93
1751,GUJARAT:1
1752,GUJARAT:86
1753,GUJARAT:85
1754,GUJARAT:92
1755,GUJARAT:24
1756,GUJARAT:106
1757,GUJARAT:110
1758,GUJARAT:83
1759,GUJARAT:108
1760,GUJARAT:82
1761,GUJARAT:84
1762,GUJARAT:107
1763,GUJARAT:5
1764,GUJARAT:7
1765,GUJARAT:62
1766,GUJARAT:122
1767,GUJARAT:111
1768,GUJARAT:109
1769,GUJARAT:80
1770,GUJARAT:79
1771,GUJARAT:81
1772,GUJARAT:112
1773,GUJARAT:66
1774,GUJARAT:124
1775,GUJARAT:4
1776,GUJARAT:64
1777,GUJARAT:2
1778,GUJARAT:63
1779,GUJARAT:125
1780,GUJARAT:11
1781,GUJARAT:12
1782,GUJARAT:13
1783,GUJARAT:123
1784,GUJARAT:121
1785,GUJARAT:113
1786,GUJARAT:65
1787,GUJARAT:78
1788,GUJARAT:67
1789,GUJARAT:73
1790,GUJARAT:69
1791,GUJARAT:14
1792,GUJARAT:68
1793,GUJARAT:70
1794,GUJARAT:72
1795,GUJARAT:74
1796,GUJARAT:71
1797,GUJARAT:75
1798,GUJARAT:128
1799,GUJARAT:77
1800,GUJARAT:76
1801,GUJARAT:61
1802,GUJARAT:129
1803,GUJARAT:126
1804,GUJARAT:116
1805,GUJARAT:115
1806,GUJARAT:114
1807,GUJARAT:9
1808,GUJARAT:120
1809,GUJARAT:137
1810,GUJARAT:130
1811,GUJARAT:8
1812,GUJARAT:117
1813,GUJARAT:146
1814,GUJARAT:15
1815,GUJARAT:60
1816,GUJARAT:119
1817,GUJARAT:131
1818,GUJARAT:127
1819,GUJARAT:10
1820,GUJARAT:132
1821,GUJARAT:134
1822,GUJARAT:136
1823,GUJARAT:133
1824,GUJARAT:26
1825,GUJARAT:118
1826,GUJARAT:141
1827,GUJARAT:27
1828,GUJARAT:142
1829,GUJARAT:59
1830,GUJARAT:135
1831,GUJARAT:140
1832,GUJARAT:150
1833,GUJARAT:138
1834,GUJARAT:139
1835,GUJARAT:31
1836,GUJARAT:29
1837,GUJARAT:25
1838,GUJARAT:151
1839,GUJARAT:30
1840,GUJARAT:144
1841,GUJARAT:18
1842,GUJARAT:147
1843,GUJARAT:49
1844,GUJARAT:148
1845,GUJARAT:28
1846,GUJARAT:19
1847,GUJARAT:149
1848,GUJARAT:152
1849,GUJARAT:16
1850,GUJARAT:145
1851,GUJARAT:17
1852,GUJARAT:10
1853,GUJARAT:154
1854,GUJARAT:20
1855,GUJARAT:153
1856,GUJARAT:50
1857,GUJARAT:58
1858,GUJARAT:143
1859,GUJARAT:22
1860,GUJARAT:155
1861,GUJARAT:43
1862,GUJARAT:58
1863,GUJARAT:160
1864,GUJARAT:32
1865,GUJARAT:21
1866,GUJARAT:23
1867,GUJARAT:158
1868,GUJARAT:156
1869,GUJARAT:44
1870,GUJARAT:33
1871,GUJARAT:52
1872,GUJARAT:57
1873,GUJARAT:159
1874,GUJARAT:45
1875,GUJARAT:56
1876,GUJARAT:157
1877,GUJARAT:51
1878,GUJARAT:35
1879,GUJARAT:42
1880,GUJARAT:155
1881,GUJARAT:40
1882,GUJARAT:56
1883,GUJARAT:46
1884,GUJARAT:36
1885,GUJARAT:162
1886,GUJARAT:161
1887,GUJARAT:34
1888,GUJARAT:41
1889,GUJARAT:53
1890,GUJARAT:168
1891,GUJARAT:163
1892,GUJARAT:55
1893,GUJARAT:54
1894,GUJARAT:166
1895,GUJARAT:167
1896,GUJARAT:47
1897,GUJARAT:37
1898,GUJARAT:164
1899,GUJARAT:169
1900,GUJARAT:170
1901,GUJARAT:171
1902,GUJARAT:165
1903,GUJARAT:39
1904,GUJARAT:48
1905,GUJARAT:168
1906,GUJARAT:172
1907,GUJARAT:161
1908,GUJARAT:38
1909,GUJARAT:173
1910,GUJARAT:177
1911,GUJARAT:47
1912,GUJARAT:174
1913,GUJARAT:179
1914,GUJARAT:175
1915,GUJARAT:176
1916,GUJARAT:178
1917,GUJARAT:997
1918,GUJARAT:181
1919,GUJARAT:180
1920,GUJARAT:998
1921,GUJARAT:182
1922,GUJARAT:999
1923,HIMACHAL PRADESH:54
1924,HIMACHAL PRADESH:55
1925,HIMACHAL PRADESH:52
1926,HIMACHAL PRADESH:51
1927,HIMACHAL PRADESH:53
1928,HIMACHAL PRADESH:54
1929,HIMACHAL PRADESH:50
1930,HIMACHAL PRADESH:43
1931,HIMACHAL PRADESH:56
1932,HIMACHAL PRADESH:47
1933,HIMACHAL PRADESH:34
1934,HIMACHAL PRADESH:48
1935,HIMACHAL PRADESH:35
1936,HIMACHAL PRADESH:37
1937,HIMACHAL PRADESH:44
1938,HIMACHAL PRADESH:36
1939,HIMACHAL PRADESH:57
1940,HIMACHAL PRADESH:46
1941,HIMACHAL PRADESH:49
1942,HIMACHAL PRADESH:42
1943,HIMACHAL PRADESH:38
1944,HIMACHAL PRADESH:1
1945,HIMACHAL PRADESH:45
1946,HIMACHAL PRADESH:67
1947,HIMACHAL PRADESH:66
1948,HIMACHAL PRADESH:40
1949,HIMACHAL PRADESH:41
1950,HIMACHAL PRADESH:39
1951,HIMACHAL PRADESH:25
1952,HIMACHAL PRADESH:65
1953,HIMACHAL PRADESH:30
1954,HIMACHAL PRADESH:26
1955,HIMACHAL PRADESH:68
1956,HIMACHAL PRADESH:29
1957,HIMACHAL PRADESH:24
1958,HIMACHAL PRADESH:64
1959,HIMACHAL PRADESH:60
1960,HIMACHAL PRADESH:2
1961,HIMACHAL PRADESH:63
1962,HIMACHAL PRADESH:33
1963,HIMACHAL PRADESH:58
1964,HIMACHAL PRADESH:61
1965,HIMACHAL PRADESH:27
1966,HIMACHAL PRADESH:28
1967,HIMACHAL PRADESH:22
1968,HIMACHAL PRADESH:32
1969,HIMACHAL PRADESH:31
1970,HIMACHAL PRADESH:62
1971,HIMACHAL PRADESH:21
1972,HIMACHAL PRADESH:23
1973,HIMACHAL PRADESH:59
1974,HIMACHAL PRADESH:3
1975,HIMACHAL PRADESH:20
1976,HIMACHAL PRADESH:10
1977,HIMACHAL PRADESH:6
1978,HIMACHAL PRADESH:7
1979,HIMACHAL PRADESH:4
1980,HIMACHAL PRADESH:12
1981,HIMACHAL PRADESH:9
1982,HIMACHAL PRADESH:8
1983,HIMACHAL PRADESH:11
1984,HIMACHAL PRADESH:14
1985,HIMACHAL PRADESH:13
1986,HIMACHAL PRADESH:5
1987,HIMACHAL PRADESH:15
1988,HIMACHAL PRADESH:16
1989,HIMACHAL PRADESH:17
1990,HIMACHAL PRADESH:19
1991,HIMACHAL PRADESH:18
1992,JAMMU & KASHMIR:0
1993,JAMMU & KASHMIR:48
1994,JAMMU & KASHMIR:47
1995,JAMMU & KASHMIR:49
1996,JAMMU & KASHMIR:9
1997,JAMMU & KASHMIR:2
1998,JAMMU & KASHMIR:3
1999,JAMMU & KASHMIR:16
2000,JAMMU & KASHMIR:4
2001,JAMMU & KASHMIR:10
2002,JAMMU & KASHMIR:50
2003,JAMMU & KASHMIR:5
2004,JAMMU & KASHMIR:1
2005,JAMMU & KASHMIR:8
2006,JAMMU & KASHMIR:5
2007,JAMMU & KASHMIR:17
2008,JAMMU & KASHMIR:5
2009,JAMMU & KASHMIR:7
2010,JAMMU & KASHMIR:46
2011,JAMMU & KASHMIR:5
2012,JAMMU & KASHMIR:11
2013,JAMMU & KASHMIR:13
2014,JAMMU & KASHMIR:12
2015,JAMMU & KASHMIR:51
2016,JAMMU & KASHMIR:6
2017,JAMMU & KASHMIR:18
2018,JAMMU & KASHMIR:15
2019,JAMMU & KASHMIR:14
2020,JAMMU & KASHMIR:31
2021,JAMMU & KASHMIR:32
2022,JAMMU & KASHMIR:28
2023,JAMMU & KASHMIR:27
2024,JAMMU & KASHMIR:22
2025,JAMMU & KASHMIR:19
2026,JAMMU & KASHMIR:20
2027,JAMMU & KASHMIR:23
2028,JAMMU & KASHMIR:21
2029,JAMMU & KASHMIR:24
2030,JAMMU & KASHMIR:25
2031,JAMMU & KASHMIR:26
2032,JAMMU & KASHMIR:33
2033,JAMMU & KASHMIR:29
2034,JAMMU & KASHMIR:30
2035,JAMMU & KASHMIR:87
2036,JAMMU & KASHMIR:34
2037,JAMMU & KASHMIR:45
2038,JAMMU & KASHMIR:40
2039,JAMMU & KASHMIR:35
2040,JAMMU & KASHMIR:85
2041,JAMMU & KASHMIR:39
2042,JAMMU & KASHMIR:44
2043,JAMMU & KASHMIR:86
2044,JAMMU & KASHMIR:38
2045,JAMMU & KASHMIR:43
2046,JAMMU & KASHMIR:52
2047,JAMMU & KASHMIR:41
2048,JAMMU & KASHMIR:56
2049,JAMMU & KASHMIR:83
2050,JAMMU & KASHMIR:53
2051,JAMMU & KASHMIR:42
2052,JAMMU & KASHMIR:37
2053,JAMMU & KASHMIR:82
2054,JAMMU & KASHMIR:59
2055,JAMMU & KASHMIR:57
2056,JAMMU & KASHMIR:84
2057,JAMMU & KASHMIR:81
2058,JAMMU & KASHMIR:55
2059,JAMMU & KASHMIR:58
2060,JAMMU & KASHMIR:61
2061,JAMMU & KASHMIR:54
2062,JAMMU & KASHMIR:79
2063,JAMMU & KASHMIR:80
2064,JAMMU & KASHMIR:60
2065,JAMMU & KASHMIR:70
2066,JAMMU & KASHMIR:62
2067,JAMMU & KASHMIR:63
2068,JAMMU & KASHMIR:78
2069,JAMMU & KASHMIR:71
2070,JAMMU & KASHMIR:77
2071,JAMMU & KASHMIR:68
2072,JAMMU & KASHMIR:66
2073,JAMMU & KASHMIR:73
2074,JAMMU & KASHMIR:69
2075,JAMMU & KASHMIR:76
2076,JAMMU & KASHMIR:64
2077,JAMMU & KASHMIR:75
2078,JAMMU & KASHMIR:74
2079,JAMMU & KASHMIR:64
2080,JAMMU & KASHMIR:67
2081,JAMMU & KASHMIR:65
2082,KARNATAKA:1
2083,KARNATAKA:2
2084,KARNATAKA:3
2085,KARNATAKA:4
2086,KARNATAKA:6
2087,KARNATAKA:5
2088,KARNATAKA:8
2089,KARNATAKA:9
2090,KARNATAKA:7
2091,KARNATAKA:13
2092,KARNATAKA:222
2093,KARNATAKA:12
2094,KARNATAKA:10
2095,KARNATAKA:223
2096,KARNATAKA:14
2097,KARNATAKA:11
2098,KARNATAKA:15
2099,KARNATAKA:220
2100,KARNATAKA:224
2101,KARNATAKA:209
2102,KARNATAKA:16
2103,KARNATAKA:221
2104,KARNATAKA:18
2105,KARNATAKA:17
2106,KARNATAKA:208
2107,KARNATAKA:219
2108,KARNATAKA:211
2109,KARNATAKA:218
2110,KARNATAKA:210
2111,KARNATAKA:205
2112,KARNATAKA:207
2113,KARNATAKA:217
2114,KARNATAKA:19
2115,KARNATAKA:206
2116,KARNATAKA:20
2117,KARNATAKA:204
2118,KARNATAKA:212
2119,KARNATAKA:22
2120,KARNATAKA:202
2121,KARNATAKA:201
2122,KARNATAKA:203
2123,KARNATAKA:21
2124,KARNATAKA:24
2125,KARNATAKA:213
2126,KARNATAKA:216
2127,KARNATAKA:200
2128,KARNATAKA:23
2129,KARNATAKA:215
2130,KARNATAKA:192
2131,KARNATAKA:214
2132,KARNATAKA:193
2133,KARNATAKA:26
2134,KARNATAKA:199
2135,KARNATAKA:25
2136,KARNATAKA:194
2137,KARNATAKA:195
2138,KARNATAKA:198
2139,KARNATAKA:28
2140,KARNATAKA:197
2141,KARNATAKA:190
2142,KARNATAKA:189
2143,KARNATAKA:31
2144,KARNATAKA:196
2145,KARNATAKA:27
2146,KARNATAKA:191
2147,KARNATAKA:175
2148,KARNATAKA:30
2149,KARNATAKA:188
2150,KARNATAKA:29
2151,KARNATAKA:174
2152,KARNATAKA:172
2153,KARNATAKA:176
2154,KARNATAKA:34
2155,KARNATAKA:32
2156,KARNATAKA:187
2157,KARNATAKA:173
2158,KARNATAKA:177
2159,KARNATAKA:178
2160,KARNATAKA:179
2161,KARNATAKA:33
2162,KARNATAKA:186
2163,KARNATAKA:35
2164,KARNATAKA:36
2165,KARNATAKA:180
2166,KARNATAKA:171
2167,KARNATAKA:38
2168,KARNATAKA:46
2169,KARNATAKA:185
2170,KARNATAKA:37
2171,KARNATAKA:181
2172,KARNATAKA:39
2173,KARNATAKA:184
2174,KARNATAKA:168
2175,KARNATAKA:183
2176,KARNATAKA:45
2177,KARNATAKA:166
2178,KARNATAKA:40
2179,KARNATAKA:170
2180,KARNATAKA:182
2181,KARNATAKA:41
2182,KARNATAKA:47
2183,KARNATAKA:43
2184,KARNATAKA:167
2185,KARNATAKA:42
2186,KARNATAKA:169
2187,KARNATAKA:161
2188,KARNATAKA:51
2189,KARNATAKA:165
2190,KARNATAKA:158
2191,KARNATAKA:49
2192,KARNATAKA:44
2193,KARNATAKA:48
2194,KARNATAKA:164
2195,KARNATAKA:159
2196,KARNATAKA:52
2197,KARNATAKA:50
2198,KARNATAKA:149
2199,KARNATAKA:162
2200,KARNATAKA:67
2201,KARNATAKA:163
2202,KARNATAKA:55
2203,KARNATAKA:160
2204,KARNATAKA:157
2205,KARNATAKA:68
2206,KARNATAKA:53
2207,KARNATAKA:54
2208,KARNATAKA:66
2209,KARNATAKA:152
2210,KARNATAKA:156
2211,KARNATAKA:64
2212,KARNATAKA:65
2213,KARNATAKA:148
2214,KARNATAKA:155
2215,KARNATAKA:56
2216,KARNATAKA:63
2217,KARNATAKA:69
2218,KARNATAKA:154
2219,KARNATAKA:130
2220,KARNATAKA:74
2221,KARNATAKA:147
2222,KARNATAKA:150
2223,KARNATAKA:97
2224,KARNATAKA:57
2225,KARNATAKA:60
2226,KARNATAKA:62
2227,KARNATAKA:131
2228,KARNATAKA:146
2229,KARNATAKA:153
2230,KARNATAKA:98
2231,KARNATAKA:58
2232,KARNATAKA:70
2233,KARNATAKA:73
2234,KARNATAKA:61
2235,KARNATAKA:145
2236,KARNATAKA:129
2237,KARNATAKA:96
2238,KARNATAKA:99
2239,KARNATAKA:76
2240,KARNATAKA:78
2241,KARNATAKA:95
2242,KARNATAKA:77
2243,KARNATAKA:140
2244,KARNATAKA:132
2245,KARNATAKA:80
2246,KARNATAKA:79
2247,KARNATAKA:151
2248,KARNATAKA:75
2249,KARNATAKA:81
2250,KARNATAKA:90
2251,KARNATAKA:133
2252,KARNATAKA:59
2253,KARNATAKA:89
2254,KARNATAKA:82
2255,KARNATAKA:135
2256,KARNATAKA:72
2257,KARNATAKA:101
2258,KARNATAKA:136
2259,KARNATAKA:83
2260,KARNATAKA:144
2261,KARNATAKA:84
2262,KARNATAKA:141
2263,KARNATAKA:88
2264,KARNATAKA:71
2265,KARNATAKA:87
2266,KARNATAKA:86
2267,KARNATAKA:85
2268,KARNATAKA:139
2269,KARNATAKA:100
2270,KARNATAKA:142
2271,KARNATAKA:138
2272,KARNATAKA:94
2273,KARNATAKA:143
2274,KARNATAKA:109
2275,KARNATAKA:128
2276,KARNATAKA:134
2277,KARNATAKA:137
2278,KARNATAKA:102
2279,KARNATAKA:93
2280,KARNATAKA:91
2281,KARNATAKA:106
2282,KARNATAKA:108
2283,KARNATAKA:124
2284,KARNATAKA:127
2285,KARNATAKA:92
2286,KARNATAKA:105
2287,KARNATAKA:125
2288,KARNATAKA:103
2289,KARNATAKA:107
2290,KARNATAKA:104
2291,KARNATAKA:117
2292,KARNATAKA:112
2293,KARNATAKA:123
2294,KARNATAKA:113
2295,KARNATAKA:114
2296,KARNATAKA:115
2297,KARNATAKA:126
2298,KARNATAKA:110
2299,KARNATAKA:116
2300,KARNATAKA:111
2301,KARNATAKA:122
2302,KARNATAKA:121
2303,KARNATAKA:118
2304,KARNATAKA:119
2305,KARNATAKA:120
2306,KERALA:1
2307,KERALA:2
2308,KERALA:3
2309,KERALA:4
2310,KERALA:5
2311,KERALA:6
2312,KERALA:7
2313,KERALA:8
2314,KERALA:5
2315,KERALA:5
2316,KERALA:5
2317,KERALA:7
2318,KERALA:7
2319,KERALA:15
2320,KERALA:9
2321,KERALA:11
2322,KERALA:10
2323,KERALA:16
2324,KERALA:14
2325,KERALA:30
2326,KERALA:13
2327,KERALA:12
2328,KERALA:18
2329,KERALA:17
2330,KERALA:29
2331,KERALA:19
2332,KERALA:21
2333,KERALA:20
2334,KERALA:28
2335,KERALA:32
2336,KERALA:22
2337,KERALA:23
2338,KERALA:24
2339,KERALA:27
2340,KERALA:31
2341,KERALA:25
2342,KERALA:33
2343,KERALA:26
2344,KERALA:35
2345,KERALA:36
2346,KERALA:47
2347,KERALA:37
2348,KERALA:34
2349,KERALA:40
2350,KERALA:42
2351,KERALA:41
2352,KERALA:38
2353,KERALA:46
2354,KERALA:48
2355,KERALA:45
2356,KERALA:44
2357,KERALA:43
2358,KERALA:39
2359,KERALA:49
2360,KERALA:54
2361,KERALA:55
2362,KERALA:50
2363,KERALA:52
2364,KERALA:56
2365,KERALA:65
2366,KERALA:51
2367,KERALA:53
2368,KERALA:59
2369,KERALA:58
2370,KERALA:64
2371,KERALA:66
2372,KERALA:57
2373,KERALA:60
2374,KERALA:63
2375,KERALA:61
2376,KERALA:67
2377,KERALA:62
2378,KERALA:83
2379,KERALA:68
2380,KERALA:77
2381,KERALA:70
2382,KERALA:69
2383,KERALA:71
2384,KERALA:81
2385,KERALA:76
2386,KERALA:72
2387,KERALA:75
2388,KERALA:78
2389,KERALA:73
2390,KERALA:85
2391,KERALA:80
2392,KERALA:84
2393,KERALA:74
2394,KERALA:82
2395,KERALA:79
2396,KERALA:97
2397,KERALA:94
2398,KERALA:98
2399,KERALA:95
2400,KERALA:96
2401,KERALA:93
2402,KERALA:86
2403,KERALA:99
2404,KERALA:91
2405,KERALA:92
2406,KERALA:87
2407,KERALA:90
2408,KERALA:88
2409,KERALA:100
2410,KERALA:89
2411,KERALA:102
2412,KERALA:101
2413,KERALA:106
2414,KERALA:105
2415,KERALA:111
2416,KERALA:113
2417,KERALA:107
2418,KERALA:108
2419,KERALA:103
2420,KERALA:109
2421,KERALA:112
2422,KERALA:110
2423,KERALA:104
2424,KERALA:119
2425,KERALA:121
2426,KERALA:120
2427,KERALA:114
2428,KERALA:122
2429,KERALA:123
2430,KERALA:117
2431,KERALA:118
2432,KERALA:115
2433,KERALA:126
2434,KERALA:125
2435,KERALA:124
2436,KERALA:116
2437,KERALA:127
2438,KERALA:129
2439,KERALA:131
2440,KERALA:130
2441,KERALA:128
2442,KERALA:132
2443,KERALA:133
2444,KERALA:134
2445,KERALA:139
2446,KERALA:136
2447,KERALA:137
2448,KERALA:135
2449,KERALA:138
2450,KERALA:140
2451,MADHYA PRADESH:8
2452,MADHYA PRADESH:11
2453,MADHYA PRADESH:5
2454,MADHYA PRADESH:7
2455,MADHYA PRADESH:10
2456,MADHYA PRADESH:12
2457,MADHYA PRADESH:6
2458,MADHYA PRADESH:9
2459,MADHYA PRADESH:13
2460,MADHYA PRADESH:4
2461,MADHYA PRADESH:3
2462,MADHYA PRADESH:18
2463,MADHYA PRADESH:15
2464,MADHYA PRADESH:14
2465,MADHYA PRADESH:22
2466,MADHYA PRADESH:16
2467,MADHYA PRADESH:17
2468,MADHYA PRADESH:21
2469,MADHYA PRADESH:2
2470,MADHYA PRADESH:19
2471,MADHYA PRADESH:20
2472,MADHYA PRADESH:25
2473,MADHYA PRADESH:23
2474,MADHYA PRADESH:1
2475,MADHYA PRADESH:24
2476,MADHYA PRADESH:26
2477,MADHYA PRADESH:43
2478,MADHYA PRADESH:28
2479,MADHYA PRADESH:51
2480,MADHYA PRADESH:27
2481,MADHYA PRADESH:48
2482,MADHYA PRADESH:44
2483,MADHYA PRADESH:50
2484,MADHYA PRADESH:70
2485,MADHYA PRADESH:62
2486,MADHYA PRADESH:69
2487,MADHYA PRADESH:45
2488,MADHYA PRADESH:56
2489,MADHYA PRADESH:29
2490,MADHYA PRADESH:56
2491,MADHYA PRADESH:320
2492,MADHYA PRADESH:33
2493,MADHYA PRADESH:32
2494,MADHYA PRADESH:49
2495,MADHYA PRADESH:71
2496,MADHYA PRADESH:46
2497,MADHYA PRADESH:68
2498,MADHYA PRADESH:61
2499,MADHYA PRADESH:34
2500,MADHYA PRADESH:72
2501,MADHYA PRADESH:63
2502,MADHYA PRADESH:47
2503,MADHYA PRADESH:315
2504,MADHYA PRADESH:314
2505,MADHYA PRADESH:64
2506,MADHYA PRADESH:66
2507,MADHYA PRADESH:74
2508,MADHYA PRADESH:67
2509,MADHYA PRADESH:60
2510,MADHYA PRADESH:30
2511,MADHYA PRADESH:73
2512,MADHYA PRADESH:77
2513,MADHYA PRADESH:57
2514,MADHYA PRADESH:31
2515,MADHYA PRADESH:319
2516,MADHYA PRADESH:65
2517,MADHYA PRADESH:35
2518,MADHYA PRADESH:58
2519,MADHYA PRADESH:55
2520,MADHYA PRADESH:37
2521,MADHYA PRADESH:75
2522,MADHYA PRADESH:59
2523,MADHYA PRADESH:36
2524,MADHYA PRADESH:250
2525,MADHYA PRADESH:318
2526,MADHYA PRADESH:260
2527,MADHYA PRADESH:246
2528,MADHYA PRADESH:316
2529,MADHYA PRADESH:254
2530,MADHYA PRADESH:79
2531,MADHYA PRADESH:255
2532,MADHYA PRADESH:78
2533,MADHYA PRADESH:54
2534,MADHYA PRADESH:76
2535,MADHYA PRADESH:204
2536,MADHYA PRADESH:317
2537,MADHYA PRADESH:80
2538,MADHYA PRADESH:251
2539,MADHYA PRADESH:247
2540,MADHYA PRADESH:249
2541,MADHYA PRADESH:53
2542,MADHYA PRADESH:38
2543,MADHYA PRADESH:202
2544,MADHYA PRADESH:203
2545,MADHYA PRADESH:39
2546,MADHYA PRADESH:259
2547,MADHYA PRADESH:40
2548,MADHYA PRADESH:41
2549,MADHYA PRADESH:313
2550,MADHYA PRADESH:241
2551,MADHYA PRADESH:312
2552,MADHYA PRADESH:253
2553,MADHYA PRADESH:201
2554,MADHYA PRADESH:252
2555,MADHYA PRADESH:82
2556,MADHYA PRADESH:262
2557,MADHYA PRADESH:243
2558,MADHYA PRADESH:248
2559,MADHYA PRADESH:52
2560,MADHYA PRADESH:258
2561,MADHYA PRADESH:237
2562,MADHYA PRADESH:311
2563,MADHYA PRADESH:263
2564,MADHYA PRADESH:199
2565,MADHYA PRADESH:42
2566,MADHYA PRADESH:81
2567,MADHYA PRADESH:257
2568,MADHYA PRADESH:261
2569,MADHYA PRADESH:242
2570,MADHYA PRADESH:83
2571,MADHYA PRADESH:256
2572,MADHYA PRADESH:309
2573,MADHYA PRADESH:200
2574,MADHYA PRADESH:238
2575,MADHYA PRADESH:85
2576,MADHYA PRADESH:265
2577,MADHYA PRADESH:244
2578,MADHYA PRADESH:193
2579,MADHYA PRADESH:239
2580,MADHYA PRADESH:192
2581,MADHYA PRADESH:190
2582,MADHYA PRADESH:195
2583,MADHYA PRADESH:198
2584,MADHYA PRADESH:196
2585,MADHYA PRADESH:310
2586,MADHYA PRADESH:194
2587,MADHYA PRADESH:86
2588,MADHYA PRADESH:240
2589,MADHYA PRADESH:276
2590,MADHYA PRADESH:84
2591,MADHYA PRADESH:245
2592,MADHYA PRADESH:264
2593,MADHYA PRADESH:235
2594,MADHYA PRADESH:267
2595,MADHYA PRADESH:266
2596,MADHYA PRADESH:206
2597,MADHYA PRADESH:207
2598,MADHYA PRADESH:277
2599,MADHYA PRADESH:308
2600,MADHYA PRADESH:197
2601,MADHYA PRADESH:236
2602,MADHYA PRADESH:191
2603,MADHYA PRADESH:307
2604,MADHYA PRADESH:208
2605,MADHYA PRADESH:301
2606,MADHYA PRADESH:268
2607,MADHYA PRADESH:189
2608,MADHYA PRADESH:205
2609,MADHYA PRADESH:275
2610,MADHYA PRADESH:302
2611,MADHYA PRADESH:222
2612,MADHYA PRADESH:234
2613,MADHYA PRADESH:209
2614,MADHYA PRADESH:306
2615,MADHYA PRADESH:278
2616,MADHYA PRADESH:223
2617,MADHYA PRADESH:280
2618,MADHYA PRADESH:188
2619,MADHYA PRADESH:210
2620,MADHYA PRADESH:186
2621,MADHYA PRADESH:187
2622,MADHYA PRADESH:270
2623,MADHYA PRADESH:300
2624,MADHYA PRADESH:218
2625,MADHYA PRADESH:271
2626,MADHYA PRADESH:273
2627,MADHYA PRADESH:224
2628,MADHYA PRADESH:279
2629,MADHYA PRADESH:272
2630,MADHYA PRADESH:225
2631,MADHYA PRADESH:217
2632,MADHYA PRADESH:274
2633,MADHYA PRADESH:305
2634,MADHYA PRADESH:269
2635,MADHYA PRADESH:185
2636,MADHYA PRADESH:226
2637,MADHYA PRADESH:298
2638,MADHYA PRADESH:211
2639,MADHYA PRADESH:289
2640,MADHYA PRADESH:282
2641,MADHYA PRADESH:232
2642,MADHYA PRADESH:177
2643,MADHYA PRADESH:227
2644,MADHYA PRADESH:290
2645,MADHYA PRADESH:304
2646,MADHYA PRADESH:299
2647,MADHYA PRADESH:303
2648,MADHYA PRADESH:184
2649,MADHYA PRADESH:219
2650,MADHYA PRADESH:230
2651,MADHYA PRADESH:216
2652,MADHYA PRADESH:212
2653,MADHYA PRADESH:283
2654,MADHYA PRADESH:281
2655,MADHYA PRADESH:214
2656,MADHYA PRADESH:213
2657,MADHYA PRADESH:291
2658,MADHYA PRADESH:215
2659,MADHYA PRADESH:295
2660,MADHYA PRADESH:231
2661,MADHYA PRADESH:233
2662,MADHYA PRADESH:297
2663,MADHYA PRADESH:183
2664,MADHYA PRADESH:288
2665,MADHYA PRADESH:284
2666,MADHYA PRADESH:293
2667,MADHYA PRADESH:228
2668,MADHYA PRADESH:292
2669,MADHYA PRADESH:221
2670,MADHYA PRADESH:182
2671,MADHYA PRADESH:296
2672,MADHYA PRADESH:220
2673,MADHYA PRADESH:179
2674,MADHYA PRADESH:180
2675,MADHYA PRADESH:285
2676,MADHYA PRADESH:229
2677,MADHYA PRADESH:294
2678,MADHYA PRADESH:181
2679,MADHYA PRADESH:178
2680,MADHYA PRADESH:286
2681,MADHYA PRADESH:287
2682,MAHARASHTRA:84
2683,MAHARASHTRA:83
2684,MAHARASHTRA:119
2685,MAHARASHTRA:141
2686,MAHARASHTRA:140
2687,MAHARASHTRA:146
2688,MAHARASHTRA:86
2689,MAHARASHTRA:121
2690,MAHARASHTRA:142
2691,MAHARASHTRA:85
2692,MAHARASHTRA:145
2693,MAHARASHTRA:148
2694,MAHARASHTRA:139
2695,MAHARASHTRA:82
2696,MAHARASHTRA:147
2697,MAHARASHTRA:143
2698,MAHARASHTRA:93
2699,MAHARASHTRA:120
2700,MAHARASHTRA:122
2701,MAHARASHTRA:100
2702,MAHARASHTRA:99
2703,MAHARASHTRA:127
2704,MAHARASHTRA:81
2705,MAHARASHTRA:132
2706,MAHARASHTRA:87
2707,MAHARASHTRA:108
2708,MAHARASHTRA:80
2709,MAHARASHTRA:109
2710,MAHARASHTRA:149
2711,MAHARASHTRA:138
2712,MAHARASHTRA:118
2713,MAHARASHTRA:92
2714,MAHARASHTRA:133
2715,MAHARASHTRA:101
2716,MAHARASHTRA:123
2717,MAHARASHTRA:144
2718,MAHARASHTRA:95
2719,MAHARASHTRA:134
2720,MAHARASHTRA:94
2721,MAHARASHTRA:136
2722,MAHARASHTRA:88
2723,MAHARASHTRA:137
2724,MAHARASHTRA:135
2725,MAHARASHTRA:98
2726,MAHARASHTRA:131
2727,MAHARASHTRA:110
2728,MAHARASHTRA:150
2729,MAHARASHTRA:129
2730,MAHARASHTRA:102
2731,MAHARASHTRA:125
2732,MAHARASHTRA:89
2733,MAHARASHTRA:91
2734,MAHARASHTRA:124
2735,MAHARASHTRA:126
2736,MAHARASHTRA:112
2737,MAHARASHTRA:107
2738,MAHARASHTRA:97
2739,MAHARASHTRA:117
2740,MAHARASHTRA:116
2741,MAHARASHTRA:79
2742,MAHARASHTRA:151
2743,MAHARASHTRA:96
2744,MAHARASHTRA:74
2745,MAHARASHTRA:128
2746,MAHARASHTRA:103
2747,MAHARASHTRA:130
2748,MAHARASHTRA:90
2749,MAHARASHTRA:157
2750,MAHARASHTRA:111
2751,MAHARASHTRA:77
2752,MAHARASHTRA:158
2753,MAHARASHTRA:78
2754,MAHARASHTRA:163
2755,MAHARASHTRA:189
2756,MAHARASHTRA:188
2757,MAHARASHTRA:164
2758,MAHARASHTRA:104
2759,MAHARASHTRA:190
2760,MAHARASHTRA:73
2761,MAHARASHTRA:161
2762,MAHARASHTRA:194
2763,MAHARASHTRA:72
2764,MAHARASHTRA:75
2765,MAHARASHTRA:159
2766,MAHARASHTRA:115
2767,MAHARASHTRA:106
2768,MAHARASHTRA:113
2769,MAHARASHTRA:76
2770,MAHARASHTRA:152
2771,MAHARASHTRA:105
2772,MAHARASHTRA:160
2773,MAHARASHTRA:165
2774,MAHARASHTRA:191
2775,MAHARASHTRA:162
2776,MAHARASHTRA:70
2777,MAHARASHTRA:156
2778,MAHARASHTRA:64
2779,MAHARASHTRA:192
2780,MAHARASHTRA:71
2781,MAHARASHTRA:187
2782,MAHARASHTRA:114
2783,MAHARASHTRA:66
2784,MAHARASHTRA:166
2785,MAHARASHTRA:63
2786,MAHARASHTRA:68
2787,MAHARASHTRA:153
2788,MAHARASHTRA:181
2789,MAHARASHTRA:235
2790,MAHARASHTRA:155
2791,MAHARASHTRA:67
2792,MAHARASHTRA:69
2793,MAHARASHTRA:193
2794,MAHARASHTRA:65
2795,MAHARASHTRA:167
2796,MAHARASHTRA:184
2797,MAHARASHTRA:168
2798,MAHARASHTRA:180
2799,MAHARASHTRA:154
2800,MAHARASHTRA:182
2801,MAHARASHTRA:59
2802,MAHARASHTRA:186
2803,MAHARASHTRA:195
2804,MAHARASHTRA:62
2805,MAHARASHTRA:238
2806,MAHARASHTRA:234
2807,MAHARASHTRA:185
2808,MAHARASHTRA:239
2809,MAHARASHTRA:233
2810,MAHARASHTRA:169
2811,MAHARASHTRA:232
2812,MAHARASHTRA:183
2813,MAHARASHTRA:236
2814,MAHARASHTRA:230
2815,MAHARASHTRA:60
2816,MAHARASHTRA:179
2817,MAHARASHTRA:61
2818,MAHARASHTRA:178
2819,MAHARASHTRA:58
2820,MAHARASHTRA:196
2821,MAHARASHTRA:57
2822,MAHARASHTRA:177
2823,MAHARASHTRA:240
2824,MAHARASHTRA:237
2825,MAHARASHTRA:171
2826,MAHARASHTRA:54
2827,MAHARASHTRA:41
2828,MAHARASHTRA:229
2829,MAHARASHTRA:197
2830,MAHARASHTRA:53
2831,MAHARASHTRA:172
2832,MAHARASHTRA:231
2833,MAHARASHTRA:38
2834,MAHARASHTRA:40
2835,MAHARASHTRA:39
2836,MAHARASHTRA:56
2837,MAHARASHTRA:37
2838,MAHARASHTRA:241
2839,MAHARASHTRA:45
2840,MAHARASHTRA:44
2841,MAHARASHTRA:43
2842,MAHARASHTRA:36
2843,MAHARASHTRA:55
2844,MAHARASHTRA:170
2845,MAHARASHTRA:42
2846,MAHARASHTRA:35
2847,MAHARASHTRA:52
2848,MAHARASHTRA:51
2849,MAHARASHTRA:198
2850,MAHARASHTRA:34
2851,MAHARASHTRA:33
2852,MAHARASHTRA:49
2853,MAHARASHTRA:200
2854,MAHARASHTRA:50
2855,MAHARASHTRA:48
2856,MAHARASHTRA:176
2857,MAHARASHTRA:18
2858,MAHARASHTRA:47
2859,MAHARASHTRA:17
2860,MAHARASHTRA:31
2861,MAHARASHTRA:199
2862,MAHARASHTRA:46
2863,MAHARASHTRA:175
2864,MAHARASHTRA:32
2865,MAHARASHTRA:30
2866,MAHARASHTRA:28
2867,MAHARASHTRA:242
2868,MAHARASHTRA:29
2869,MAHARASHTRA:25
2870,MAHARASHTRA:252
2871,MAHARASHTRA:27
2872,MAHARASHTRA:26
2873,MAHARASHTRA:24
2874,MAHARASHTRA:23
2875,MAHARASHTRA:22
2876,MAHARASHTRA:202
2877,MAHARASHTRA:243
2878,MAHARASHTRA:21
2879,MAHARASHTRA:16
2880,MAHARASHTRA:20
2881,MAHARASHTRA:19
2882,MAHARASHTRA:228
2883,MAHARASHTRA:201
2884,MAHARASHTRA:15
2885,MAHARASHTRA:173
2886,MAHARASHTRA:227
2887,MAHARASHTRA:203
2888,MAHARASHTRA:16
2889,MAHARASHTRA:174
2890,MAHARASHTRA:245
2891,MAHARASHTRA:208
2892,MAHARASHTRA:253
2893,MAHARASHTRA:244
2894,MAHARASHTRA:207
2895,MAHARASHTRA:204
2896,MAHARASHTRA:256
2897,MAHARASHTRA:206
2898,MAHARASHTRA:251
2899,MAHARASHTRA:246
2900,MAHARASHTRA:226
2901,MAHARASHTRA:249
2902,MAHARASHTRA:250
2903,MAHARASHTRA:247
2904,MAHARASHTRA:13
2905,MAHARASHTRA:205
2906,MAHARASHTRA:14
2907,MAHARASHTRA:248
2908,MAHARASHTRA:209
2909,MAHARASHTRA:255
2910,MAHARASHTRA:221
2911,MAHARASHTRA:257
2912,MAHARASHTRA:210
2913,MAHARASHTRA:12
2914,MAHARASHTRA:254
2915,MAHARASHTRA:13
2916,MAHARASHTRA:211
2917,MAHARASHTRA:262
2918,MAHARASHTRA:222
2919,MAHARASHTRA:258
2920,MAHARASHTRA:220
2921,MAHARASHTRA:212
2922,MAHARASHTRA:11
2923,MAHARASHTRA:225
2924,MAHARASHTRA:261
2925,MAHARASHTRA:213
2926,MAHARASHTRA:218
2927,MAHARASHTRA:263
2928,MAHARASHTRA:223
2929,MAHARASHTRA:10
2930,MAHARASHTRA:259
2931,MAHARASHTRA:260
2932,MAHARASHTRA:217
2933,MAHARASHTRA:215
2934,MAHARASHTRA:264
2935,MAHARASHTRA:224
2936,MAHARASHTRA:216
2937,MAHARASHTRA:214
2938,MAHARASHTRA:219
2939,MAHARASHTRA:274
2940,MAHARASHTRA:9
2941,MAHARASHTRA:8
2942,MAHARASHTRA:265
2943,MAHARASHTRA:266
2944,MAHARASHTRA:270
2945,MAHARASHTRA:6
2946,MAHARASHTRA:276
2947,MAHARASHTRA:267
2948,MAHARASHTRA:268
2949,MAHARASHTRA:7
2950,MAHARASHTRA:273
2951,MAHARASHTRA:275
2952,MAHARASHTRA:269
2953,MAHARASHTRA:280
2954,MAHARASHTRA:272
2955,MAHARASHTRA:271
2956,MAHARASHTRA:281
2957,MAHARASHTRA:279
2958,MAHARASHTRA:5
2959,MAHARASHTRA:277
2960,MAHARASHTRA:285
2961,MAHARASHTRA:284
2962,MAHARASHTRA:282
2963,MAHARASHTRA:278
2964,MAHARASHTRA:286
2965,MAHARASHTRA:4
2966,MAHARASHTRA:283
2967,MAHARASHTRA:3
2968,MAHARASHTRA:287
2969,MAHARASHTRA:288
2970,MAHARASHTRA:2
2971,MAHARASHTRA:1
2972,MANIPUR:45
2973,MANIPUR:48
2974,MANIPUR:49
2975,MANIPUR:52
2976,MANIPUR:47
2977,MANIPUR:50
2978,MANIPUR:44
2979,MANIPUR:46
2980,MANIPUR:43
2981,MANIPUR:53
2982,MANIPUR:51
2983,MANIPUR:1
2984,MANIPUR:16
2985,MANIPUR:17
2986,MANIPUR:8
2987,MANIPUR:3
2988,MANIPUR:2
2989,MANIPUR:9
2990,MANIPUR:40
2991,MANIPUR:19
2992,MANIPUR:10
2993,MANIPUR:15
2994,MANIPUR:11
2995,MANIPUR:6
2996,MANIPUR:54
2997,MANIPUR:7
2998,MANIPUR:18
2999,MANIPUR:13
3000,MANIPUR:14
3001,MANIPUR:12
3002,MANIPUR:21
3003,MANIPUR:5
3004,MANIPUR:4
3005,MANIPUR:24
3006,MANIPUR:20
3007,MANIPUR:22
3008,MANIPUR:32
3009,MANIPUR:30
3010,MANIPUR:25
3011,MANIPUR:33
3012,MANIPUR:31
3013,MANIPUR:23
3014,MANIPUR:35
3015,MANIPUR:36
3016,MANIPUR:26
3017,MANIPUR:57
3018,MANIPUR:42
3019,MANIPUR:34
3020,MANIPUR:55
3021,MANIPUR:56
3022,MANIPUR:37
3023,MANIPUR:27
3024,MANIPUR:28
3025,MANIPUR:38
3026,MANIPUR:41
3027,MANIPUR:29
3028,MANIPUR:59
3029,MANIPUR:39
3030,MANIPUR:58
3031,MANIPUR:60
3032,MEGHALAYA:11
3033,MEGHALAYA:8
3034,MEGHALAYA:10
3035,MEGHALAYA:44
3036,MEGHALAYA:45
3037,MEGHALAYA:46
3038,MEGHALAYA:48
3039,MEGHALAYA:42
3040,MEGHALAYA:41
3041,MEGHALAYA:40
3042,MEGHALAYA:47
3043,MEGHALAYA:43
3044,MEGHALAYA:36
3045,MEGHALAYA:49
3046,MEGHALAYA:39
3047,MEGHALAYA:51
3048,MEGHALAYA:34
3049,MEGHALAYA:12
3050,MEGHALAYA:9
3051,MEGHALAYA:5
3052,MEGHALAYA:38
3053,MEGHALAYA:50
3054,MEGHALAYA:24
3055,MEGHALAYA:14
3056,MEGHALAYA:4
3057,MEGHALAYA:23
3058,MEGHALAYA:6
3059,MEGHALAYA:58
3060,MEGHALAYA:19
3061,MEGHALAYA:18
3062,MEGHALAYA:57
3063,MEGHALAYA:52
3064,MEGHALAYA:22
3065,MEGHALAYA:20
3066,MEGHALAYA:15
3067,MEGHALAYA:17
3068,MEGHALAYA:21
3069,MEGHALAYA:16
3070,MEGHALAYA:26
3071,MEGHALAYA:33
3072,MEGHALAYA:7
3073,MEGHALAYA:56
3074,MEGHALAYA:60
3075,MEGHALAYA:53
3076,MEGHALAYA:13
3077,MEGHALAYA:59
3078,MEGHALAYA:25
3079,MEGHALAYA:27
3080,MEGHALAYA:54
3081,MEGHALAYA:3
3082,MEGHALAYA:35
3083,MEGHALAYA:29
3084,MEGHALAYA:2
3085,MEGHALAYA:31
3086,MEGHALAYA:32
3087,MEGHALAYA:37
3088,MEGHALAYA:1
3089,MEGHALAYA:30
3090,MEGHALAYA:55
3091,MEGHALAYA:28
3092,MIZORAM:24
3093,MIZORAM:21
3094,MIZORAM:22
3095,MIZORAM:23
3096,MIZORAM:25
3097,MIZORAM:20
3098,MIZORAM:19
3099,MIZORAM:27
3100,MIZORAM:26
3101,MIZORAM:33
3102,MIZORAM:32
3103,MIZORAM:34
3104,MIZORAM:37
3105,MIZORAM:17
3106,MIZORAM:15
3107,MIZORAM:35
3108,MIZORAM:38
3109,MIZORAM:28
3110,MIZORAM:36
3111,MIZORAM:40
3112,MIZORAM:39
3113,MIZORAM:18
3114,MIZORAM:29
3115,MIZORAM:31
3116,MIZORAM:16
3117,MIZORAM:7
3118,MIZORAM:14
3119,MIZORAM:30
3120,MIZORAM:13
3121,MIZORAM:6
3122,MIZORAM:11
3123,MIZORAM:12
3124,MIZORAM:9
3125,MIZORAM:10
3126,MIZORAM:8
3127,MIZORAM:3
3128,MIZORAM:5
3129,MIZORAM:2
3130,MIZORAM:4
3131,MIZORAM:1
3132,ORISSA:3
3133,ORISSA:136
3134,ORISSA:138
3135,ORISSA:4
3136,ORISSA:137
3137,ORISSA:140
3138,ORISSA:5
3139,ORISSA:139
3140,ORISSA:131
3141,ORISSA:2
3142,ORISSA:135
3143,ORISSA:6
3144,ORISSA:142
3145,ORISSA:7
3146,ORISSA:141
3147,ORISSA:12
3148,ORISSA:143
3149,ORISSA:1
3150,ORISSA:130
3151,ORISSA:129
3152,ORISSA:144
3153,ORISSA:8
3154,ORISSA:9
3155,ORISSA:145
3156,ORISSA:11
3157,ORISSA:132
3158,ORISSA:13
3159,ORISSA:134
3160,ORISSA:126
3161,ORISSA:10
3162,ORISSA:121
3163,ORISSA:17
3164,ORISSA:128
3165,ORISSA:14
3166,ORISSA:147
3167,ORISSA:133
3168,ORISSA:146
3169,ORISSA:15
3170,ORISSA:127
3171,ORISSA:124
3172,ORISSA:122
3173,ORISSA:16
3174,ORISSA:125
3175,ORISSA:18
3176,ORISSA:22
3177,ORISSA:123
3178,ORISSA:115
3179,ORISSA:19
3180,ORISSA:113
3181,ORISSA:23
3182,ORISSA:94
3183,ORISSA:114
3184,ORISSA:24
3185,ORISSA:110
3186,ORISSA:120
3187,ORISSA:21
3188,ORISSA:20
3189,ORISSA:116
3190,ORISSA:108
3191,ORISSA:112
3192,ORISSA:105
3193,ORISSA:118
3194,ORISSA:26
3195,ORISSA:25
3196,ORISSA:119
3197,ORISSA:111
3198,ORISSA:29
3199,ORISSA:32
3200,ORISSA:117
3201,ORISSA:30
3202,ORISSA:107
3203,ORISSA:27
3204,ORISSA:28
3205,ORISSA:104
3206,ORISSA:102
3207,ORISSA:45
3208,ORISSA:109
3209,ORISSA:47
3210,ORISSA:40
3211,ORISSA:31
3212,ORISSA:48
3213,ORISSA:64
3214,ORISSA:41
3215,ORISSA:33
3216,ORISSA:95
3217,ORISSA:46
3218,ORISSA:44
3219,ORISSA:34
3220,ORISSA:43
3221,ORISSA:101
3222,ORISSA:39
3223,ORISSA:106
3224,ORISSA:51
3225,ORISSA:63
3226,ORISSA:50
3227,ORISSA:38
3228,ORISSA:103
3229,ORISSA:35
3230,ORISSA:49
3231,ORISSA:36
3232,ORISSA:42
3233,ORISSA:59
3234,ORISSA:60
3235,ORISSA:65
3236,ORISSA:62
3237,ORISSA:52
3238,ORISSA:99
3239,ORISSA:96
3240,ORISSA:66
3241,ORISSA:37
3242,ORISSA:61
3243,ORISSA:100
3244,ORISSA:53
3245,ORISSA:93
3246,ORISSA:55
3247,ORISSA:54
3248,ORISSA:57
3249,ORISSA:81
3250,ORISSA:58
3251,ORISSA:98
3252,ORISSA:56
3253,ORISSA:67
3254,ORISSA:92
3255,ORISSA:70
3256,ORISSA:97
3257,ORISSA:68
3258,ORISSA:71
3259,ORISSA:80
3260,ORISSA:77
3261,ORISSA:69
3262,ORISSA:83
3263,ORISSA:73
3264,ORISSA:72
3265,ORISSA:91
3266,ORISSA:90
3267,ORISSA:74
3268,ORISSA:75
3269,ORISSA:82
3270,ORISSA:76
3271,ORISSA:78
3272,ORISSA:88
3273,ORISSA:85
3274,ORISSA:89
3275,ORISSA:79
3276,ORISSA:87
3277,ORISSA:84
3278,ORISSA:86
3279,RAJASTHAN:7
3280,RAJASTHAN:6
3281,RAJASTHAN:5
3282,RAJASTHAN:8
3283,RAJASTHAN:4
3284,RAJASTHAN:9
3285,RAJASTHAN:10
3286,RAJASTHAN:3
3287,RAJASTHAN:2
3288,RAJASTHAN:11
3289,RAJASTHAN:1
3290,RAJASTHAN:12
3291,RAJASTHAN:22
3292,RAJASTHAN:21
3293,RAJASTHAN:19
3294,RAJASTHAN:20
3295,RAJASTHAN:23
3296,RAJASTHAN:29
3297,RAJASTHAN:24
3298,RAJASTHAN:14
3299,RAJASTHAN:16
3300,RAJASTHAN:28
3301,RAJASTHAN:60
3302,RAJASTHAN:18
3303,RAJASTHAN:30
3304,RAJASTHAN:58
3305,RAJASTHAN:25
3306,RAJASTHAN:13
3307,RAJASTHAN:26
3308,RAJASTHAN:59
3309,RAJASTHAN:181
3310,RAJASTHAN:61
3311,RAJASTHAN:57
3312,RAJASTHAN:15
3313,RAJASTHAN:17
3314,RAJASTHAN:27
3315,RAJASTHAN:31
3316,RAJASTHAN:37
3317,RAJASTHAN:62
3318,RAJASTHAN:63
3319,RAJASTHAN:56
3320,RAJASTHAN:32
3321,RAJASTHAN:68
3322,RAJASTHAN:36
3323,RAJASTHAN:193
3324,RAJASTHAN:66
3325,RAJASTHAN:69
3326,RAJASTHAN:55
3327,RAJASTHAN:35
3328,RAJASTHAN:190
3329,RAJASTHAN:64
3330,RAJASTHAN:33
3331,RAJASTHAN:70
3332,RAJASTHAN:34
3333,RAJASTHAN:192
3334,RAJASTHAN:194
3335,RAJASTHAN:67
3336,RAJASTHAN:54
3337,RAJASTHAN:71
3338,RAJASTHAN:38
3339,RAJASTHAN:195
3340,RAJASTHAN:191
3341,RAJASTHAN:65
3342,RAJASTHAN:74
3343,RAJASTHAN:72
3344,RAJASTHAN:196
3345,RAJASTHAN:182
3346,RAJASTHAN:87
3347,RAJASTHAN:45
3348,RAJASTHAN:39
3349,RAJASTHAN:51
3350,RAJASTHAN:75
3351,RAJASTHAN:200
3352,RAJASTHAN:198
3353,RAJASTHAN:73
3354,RAJASTHAN:183
3355,RAJASTHAN:52
3356,RAJASTHAN:197
3357,RAJASTHAN:41
3358,RAJASTHAN:50
3359,RAJASTHAN:40
3360,RAJASTHAN:76
3361,RAJASTHAN:94
3362,RAJASTHAN:77
3363,RAJASTHAN:180
3364,RAJASTHAN:42
3365,RAJASTHAN:43
3366,RAJASTHAN:88
3367,RAJASTHAN:53
3368,RAJASTHAN:46
3369,RAJASTHAN:188
3370,RAJASTHAN:78
3371,RAJASTHAN:86
3372,RAJASTHAN:44
3373,RAJASTHAN:199
3374,RAJASTHAN:47
3375,RAJASTHAN:189
3376,RAJASTHAN:80
3377,RAJASTHAN:97
3378,RAJASTHAN:79
3379,RAJASTHAN:49
3380,RAJASTHAN:84
3381,RAJASTHAN:85
3382,RAJASTHAN:187
3383,RAJASTHAN:48
3384,RAJASTHAN:185
3385,RAJASTHAN:93
3386,RAJASTHAN:95
3387,RAJASTHAN:89
3388,RAJASTHAN:81
3389,RAJASTHAN:96
3390,RAJASTHAN:159
3391,RAJASTHAN:184
3392,RAJASTHAN:101
3393,RAJASTHAN:98
3394,RAJASTHAN:177
3395,RAJASTHAN:90
3396,RAJASTHAN:83
3397,RAJASTHAN:176
3398,RAJASTHAN:186
3399,RAJASTHAN:100
3400,RAJASTHAN:99
3401,RAJASTHAN:82
3402,RAJASTHAN:92
3403,RAJASTHAN:160
3404,RAJASTHAN:161
3405,RAJASTHAN:102
3406,RAJASTHAN:91
3407,RAJASTHAN:164
3408,RAJASTHAN:158
3409,RAJASTHAN:175
3410,RAJASTHAN:157
3411,RAJASTHAN:156
3412,RAJASTHAN:104
3413,RAJASTHAN:150
3414,RAJASTHAN:110
3415,RAJASTHAN:165
3416,RAJASTHAN:162
3417,RAJASTHAN:178
3418,RAJASTHAN:174
3419,RAJASTHAN:163
3420,RAJASTHAN:155
3421,RAJASTHAN:103
3422,RAJASTHAN:151
3423,RAJASTHAN:105
3424,RAJASTHAN:179
3425,RAJASTHAN:173
3426,RAJASTHAN:109
3427,RAJASTHAN:154
3428,RAJASTHAN:172
3429,RAJASTHAN:106
3430,RAJASTHAN:152
3431,RAJASTHAN:112
3432,RAJASTHAN:153
3433,RAJASTHAN:107
3434,RAJASTHAN:149
3435,RAJASTHAN:111
3436,RAJASTHAN:108
3437,RAJASTHAN:167
3438,RAJASTHAN:166
3439,RAJASTHAN:140
3440,RAJASTHAN:121
3441,RAJASTHAN:122
3442,RAJASTHAN:171
3443,RAJASTHAN:170
3444,RAJASTHAN:121
3445,RAJASTHAN:113
3446,RAJASTHAN:123
3447,RAJASTHAN:124
3448,RAJASTHAN:141
3449,RAJASTHAN:169
3450,RAJASTHAN:168
3451,RAJASTHAN:115
3452,RAJASTHAN:148
3453,RAJASTHAN:114
3454,RAJASTHAN:116
3455,RAJASTHAN:139
3456,RAJASTHAN:125
3457,RAJASTHAN:118
3458,RAJASTHAN:126
3459,RAJASTHAN:147
3460,RAJASTHAN:138
3461,RAJASTHAN:142
3462,RAJASTHAN:119
3463,RAJASTHAN:117
3464,RAJASTHAN:143
3465,RAJASTHAN:120
3466,RAJASTHAN:137
3467,RAJASTHAN:144
3468,RAJASTHAN:145
3469,RAJASTHAN:146
3470,RAJASTHAN:127
3471,RAJASTHAN:136
3472,RAJASTHAN:135
3473,RAJASTHAN:130
3474,RAJASTHAN:134
3475,RAJASTHAN:131
3476,RAJASTHAN:133
3477,RAJASTHAN:129
3478,RAJASTHAN:132
3479,RAJASTHAN:128
3480,SIKKIM:999
3481,SIKKIM:24
3482,SIKKIM:23
3483,SIKKIM:25
3484,SIKKIM:11
3485,SIKKIM:2
3486,SIKKIM:26
3487,SIKKIM:1
3488,SIKKIM:32
3489,SIKKIM:30
3490,SIKKIM:29
3491,SIKKIM:22
3492,SIKKIM:31
3493,SIKKIM:28
3494,SIKKIM:12
3495,SIKKIM:3
3496,SIKKIM:4
3497,SIKKIM:20
3498,SIKKIM:27
3499,SIKKIM:21
3500,SIKKIM:5
3501,SIKKIM:999
3502,SIKKIM:16
3503,SIKKIM:17
3504,SIKKIM:19
3505,SIKKIM:18
3506,SIKKIM:6
3507,SIKKIM:7
3508,SIKKIM:15
3509,SIKKIM:13
3510,SIKKIM:8
3511,SIKKIM:10
3512,SIKKIM:9
3513,SIKKIM:14
3514,TAMIL NADU:16
3515,TAMIL NADU:15
3516,TAMIL NADU:31
3517,TAMIL NADU:29
3518,TAMIL NADU:30
3519,TAMIL NADU:17
3520,TAMIL NADU:18
3521,TAMIL NADU:32
3522,TAMIL NADU:34
3523,TAMIL NADU:28
3524,TAMIL NADU:33
3525,TAMIL NADU:3
3526,TAMIL NADU:5
3527,TAMIL NADU:6
3528,TAMIL NADU:1
3529,TAMIL NADU:2
3530,TAMIL NADU:8
3531,TAMIL NADU:7
3532,TAMIL NADU:4
3533,TAMIL NADU:37
3534,TAMIL NADU:36
3535,TAMIL NADU:10
3536,TAMIL NADU:38
3537,TAMIL NADU:9
3538,TAMIL NADU:19
3539,TAMIL NADU:11
3540,TAMIL NADU:12
3541,TAMIL NADU:14
3542,TAMIL NADU:27
3543,TAMIL NADU:13
3544,TAMIL NADU:20
3545,TAMIL NADU:26
3546,TAMIL NADU:48
3547,TAMIL NADU:47
3548,TAMIL NADU:21
3549,TAMIL NADU:35
3550,TAMIL NADU:74
3551,TAMIL NADU:39
3552,TAMIL NADU:50
3553,TAMIL NADU:46
3554,TAMIL NADU:77
3555,TAMIL NADU:49
3556,TAMIL NADU:25
3557,TAMIL NADU:22
3558,TAMIL NADU:40
3559,TAMIL NADU:51
3560,TAMIL NADU:75
3561,TAMIL NADU:23
3562,TAMIL NADU:78
3563,TAMIL NADU:41
3564,TAMIL NADU:45
3565,TAMIL NADU:24
3566,TAMIL NADU:52
3567,TAMIL NADU:76
3568,TAMIL NADU:42
3569,TAMIL NADU:53
3570,TAMIL NADU:81
3571,TAMIL NADU:54
3572,TAMIL NADU:79
3573,TAMIL NADU:55
3574,TAMIL NADU:44
3575,TAMIL NADU:83
3576,TAMIL NADU:43
3577,TAMIL NADU:56
3578,TAMIL NADU:82
3579,TAMIL NADU:80
3580,TAMIL NADU:57
3581,TAMIL NADU:59
3582,TAMIL NADU:73
3583,TAMIL NADU:71
3584,PONDICHERRY:999
3585,PONDICHERRY:999
3586,PONDICHERRY:999
3587,PONDICHERRY:999
3588,TAMIL NADU:58
3589,PONDICHERRY:999
3590,TAMIL NADU:86
3591,PONDICHERRY:999
3592,TAMIL NADU:122
3593,TAMIL NADU:60
3594,TAMIL NADU:84
3595,TAMIL NADU:57
3596,PONDICHERRY:999
3597,TAMIL NADU:87
3598,TAMIL NADU:85
3599,TAMIL NADU:63
3600,PONDICHERRY:999
3601,PONDICHERRY:999
3602,TAMIL NADU:61
3603,TAMIL NADU:62
3604,PONDICHERRY:999
3605,PONDICHERRY:999
3606,PONDICHERRY:999
3607,PONDICHERRY:999
3608,TAMIL NADU:64
3609,TAMIL NADU:125
3610,TAMIL NADU:72
3611,TAMIL NADU:92
3612,TAMIL NADU:89
3613,TAMIL NADU:100
3614,TAMIL NADU:128
3615,TAMIL NADU:91
3616,TAMIL NADU:65
3617,TAMIL NADU:90
3618,TAMIL NADU:93
3619,TAMIL NADU:69
3620,TAMIL NADU:88
3621,TAMIL NADU:121
3622,TAMIL NADU:99
3623,TAMIL NADU:70
3624,TAMIL NADU:95
3625,TAMIL NADU:126
3626,TAMIL NADU:94
3627,TAMIL NADU:66
3628,TAMIL NADU:160
3629,TAMIL NADU:123
3630,TAMIL NADU:124
3631,TAMIL NADU:98
3632,TAMIL NADU:127
3633,TAMIL NADU:68
3634,TAMIL NADU:120
3635,TAMIL NADU:169
3636,TAMIL NADU:163
3637,TAMIL NADU:67
3638,TAMIL NADU:119
3639,TAMIL NADU:101
3640,TAMIL NADU:161
3641,TAMIL NADU:157
3642,TAMIL NADU:102
3643,TAMIL NADU:164
3644,TAMIL NADU:118
3645,TAMIL NADU:97
3646,TAMIL NADU:116
3647,TAMIL NADU:117
3648,TAMIL NADU:96
3649,TAMIL NADU:162
3650,TAMIL NADU:171
3651,TAMIL NADU:156
3652,TAMIL NADU:170
3653,TAMIL NADU:103
3654,TAMIL NADU:104
3655,TAMIL NADU:115
3656,TAMIL NADU:188
3657,TAMIL NADU:158
3658,TAMIL NADU:172
3659,TAMIL NADU:159
3660,TAMIL NADU:152
3661,TAMIL NADU:185
3662,TAMIL NADU:114
3663,TAMIL NADU:113
3664,TAMIL NADU:151
3665,TAMIL NADU:105
3666,TAMIL NADU:173
3667,PONDICHERRY:999
3668,TAMIL NADU:106
3669,TAMIL NADU:187
3670,TAMIL NADU:153
3671,TAMIL NADU:155
3672,TAMIL NADU:184
3673,TAMIL NADU:107
3674,TAMIL NADU:186
3675,TAMIL NADU:165
3676,PONDICHERRY:999
3677,TAMIL NADU:183
3678,TAMIL NADU:108
3679,TAMIL NADU:167
3680,TAMIL NADU:168
3681,TAMIL NADU:182
3682,PONDICHERRY:999
3683,TAMIL NADU:174
3684,TAMIL NADU:166
3685,TAMIL NADU:150
3686,TAMIL NADU:175
3687,TAMIL NADU:181
3688,TAMIL NADU:112
3689,TAMIL NADU:178
3690,TAMIL NADU:154
3691,TAMIL NADU:190
3692,TAMIL NADU:191
3693,TAMIL NADU:130
3694,TAMIL NADU:109
3695,TAMIL NADU:177
3696,TAMIL NADU:176
3697,TAMIL NADU:129
3698,TAMIL NADU:111
3699,TAMIL NADU:110
3700,TAMIL NADU:192
3701,TAMIL NADU:179
3702,TAMIL NADU:149
3703,TAMIL NADU:148
3704,TAMIL NADU:180
3705,TAMIL NADU:147
3706,TAMIL NADU:189
3707,TAMIL NADU:131
3708,TAMIL NADU:194
3709,TAMIL NADU:139
3710,TAMIL NADU:146
3711,TAMIL NADU:193
3712,TAMIL NADU:195
3713,TAMIL NADU:140
3714,TAMIL NADU:139
3715,TAMIL NADU:133
3716,TAMIL NADU:135
3717,TAMIL NADU:145
3718,TAMIL NADU:132
3719,TAMIL NADU:138
3720,TAMIL NADU:196
3721,TAMIL NADU:198
3722,TAMIL NADU:142
3723,TAMIL NADU:141
3724,TAMIL NADU:137
3725,TAMIL NADU:136
3726,TAMIL NADU:144
3727,TAMIL NADU:143
3728,TAMIL NADU:199
3729,TAMIL NADU:134
3730,TAMIL NADU:204
3731,TAMIL NADU:197
3732,TAMIL NADU:208
3733,TAMIL NADU:206
3734,TAMIL NADU:200
3735,TAMIL NADU:205
3736,TAMIL NADU:201
3737,TAMIL NADU:209
3738,TAMIL NADU:203
3739,TAMIL NADU:207
3740,TAMIL NADU:214
3741,TAMIL NADU:202
3742,TAMIL NADU:210
3743,TAMIL NADU:213
3744,TAMIL NADU:212
3745,TAMIL NADU:215
3746,TAMIL NADU:211
3747,TAMIL NADU:217
3748,TAMIL NADU:216
3749,TAMIL NADU:221
3750,TAMIL NADU:220
3751,TAMIL NADU:218
3752,TAMIL NADU:227
3753,TAMIL NADU:226
3754,TAMIL NADU:219
3755,TAMIL NADU:224
3756,TAMIL NADU:225
3757,TAMIL NADU:222
3758,TAMIL NADU:233
3759,TAMIL NADU:232
3760,TAMIL NADU:228
3761,TAMIL NADU:223
3762,TAMIL NADU:234
3763,TAMIL NADU:231
3764,TAMIL NADU:230
3765,TAMIL NADU:229
3766,TRIPURA:54
3767,TRIPURA:55
3768,TRIPURA:56
3769,TRIPURA:53
3770,TRIPURA:57
3771,TRIPURA:59
3772,TRIPURA:52
3773,TRIPURA:58
3774,TRIPURA:45
3775,TRIPURA:25
3776,TRIPURA:50
3777,TRIPURA:51
3778,TRIPURA:46
3779,TRIPURA:48
3780,TRIPURA:23
3781,TRIPURA:1
3782,TRIPURA:47
3783,TRIPURA:24
3784,TRIPURA:26
3785,TRIPURA:60
3786,TRIPURA:49
3787,TRIPURA:2
3788,TRIPURA:3
3789,TRIPURA:27
3790,TRIPURA:11
3791,TRIPURA:28
3792,TRIPURA:4
3793,TRIPURA:5
3794,TRIPURA:29
3795,TRIPURA:10
3796,TRIPURA:7
3797,TRIPURA:6
3798,TRIPURA:9
3799,TRIPURA:13
3800,TRIPURA:8
3801,TRIPURA:12
3802,TRIPURA:14
3803,TRIPURA:15
3804,TRIPURA:17
3805,TRIPURA:42
3806,TRIPURA:44
3807,TRIPURA:43
3808,TRIPURA:30
3809,TRIPURA:16
3810,TRIPURA:18
3811,TRIPURA:19
3812,TRIPURA:20
3813,TRIPURA:31
3814,TRIPURA:32
3815,TRIPURA:33
3816,TRIPURA:22
3817,TRIPURA:21
3818,TRIPURA:34
3819,TRIPURA:39
3820,TRIPURA:37
3821,TRIPURA:35
3822,TRIPURA:36
3823,TRIPURA:38
3824,TRIPURA:40
3825,TRIPURA:41
3826,UTTAR PRADESH:419
3827,UTTAR PRADESH:414
3828,UTTAR PRADESH:417
3829,UTTAR PRADESH:418
3830,UTTAR PRADESH:413
3831,UTTAR PRADESH:415
3832,UTTAR PRADESH:21
3833,UTTAR PRADESH:416
3834,UTTAR PRADESH:409
3835,UTTAR PRADESH:19
3836,UTTAR PRADESH:412
3837,UTTAR PRADESH:22
3838,UTTAR PRADESH:407
3839,UTTAR PRADESH:408
3840,UTTAR PRADESH:410
3841,UTTAR PRADESH:411
3842,UTTAR PRADESH:20
3843,UTTAR PRADESH:406
3844,UTTAR PRADESH:404
3845,UTTAR PRADESH:405
3846,UTTAR PRADESH:403
3847,UTTAR PRADESH:35
3848,UTTAR PRADESH:402
3849,UTTAR PRADESH:394
3850,UTTAR PRADESH:395
3851,UTTAR PRADESH:23
3852,UTTAR PRADESH:18
3853,UTTAR PRADESH:36
3854,UTTAR PRADESH:17
3855,UTTAR PRADESH:24
3856,UTTAR PRADESH:393
3857,UTTAR PRADESH:401
3858,UTTAR PRADESH:396
3859,UTTAR PRADESH:26
3860,UTTAR PRADESH:397
3861,UTTAR PRADESH:25
3862,UTTAR PRADESH:34
3863,UTTAR PRADESH:38
3864,UTTAR PRADESH:32
3865,UTTAR PRADESH:400
3866,UTTAR PRADESH:399
3867,UTTAR PRADESH:39
3868,UTTAR PRADESH:37
3869,UTTAR PRADESH:389
3870,UTTAR PRADESH:56
3871,UTTAR PRADESH:57
3872,UTTAR PRADESH:392
3873,UTTAR PRADESH:398
3874,UTTAR PRADESH:390
3875,UTTAR PRADESH:391
3876,UTTAR PRADESH:60
3877,UTTAR PRADESH:28
3878,UTTAR PRADESH:27
3879,UTTAR PRADESH:33
3880,UTTAR PRADESH:55
3881,UTTAR PRADESH:58
3882,UTTAR PRADESH:388
3883,UTTAR PRADESH:382
3884,UTTAR PRADESH:72
3885,UTTAR PRADESH:383
3886,UTTAR PRADESH:31
3887,UTTAR PRADESH:387
3888,UTTAR PRADESH:29
3889,UTTAR PRADESH:53
3890,UTTAR PRADESH:54
3891,UTTAR PRADESH:52
3892,UTTAR PRADESH:381
3893,UTTAR PRADESH:30
3894,UTTAR PRADESH:384
3895,UTTAR PRADESH:48
3896,UTTAR PRADESH:386
3897,UTTAR PRADESH:69
3898,UTTAR PRADESH:40
3899,UTTAR PRADESH:61
3900,UTTAR PRADESH:41
3901,UTTAR PRADESH:51
3902,UTTAR PRADESH:59
3903,UTTAR PRADESH:149
3904,UTTAR PRADESH:49
3905,UTTAR PRADESH:50
3906,UTTAR PRADESH:385
3907,UTTAR PRADESH:378
3908,UTTAR PRADESH:46
3909,UTTAR PRADESH:379
3910,UTTAR PRADESH:43
3911,UTTAR PRADESH:380
3912,UTTAR PRADESH:42
3913,UTTAR PRADESH:62
3914,UTTAR PRADESH:47
3915,UTTAR PRADESH:376
3916,UTTAR PRADESH:71
3917,UTTAR PRADESH:68
3918,UTTAR PRADESH:372
3919,UTTAR PRADESH:377
3920,UTTAR PRADESH:44
3921,UTTAR PRADESH:63
3922,UTTAR PRADESH:371
3923,UTTAR PRADESH:150
3924,UTTAR PRADESH:67
3925,UTTAR PRADESH:45
3926,UTTAR PRADESH:66
3927,UTTAR PRADESH:73
3928,UTTAR PRADESH:347
3929,UTTAR PRADESH:70
3930,UTTAR PRADESH:374
3931,UTTAR PRADESH:365
3932,UTTAR PRADESH:151
3933,UTTAR PRADESH:373
3934,UTTAR PRADESH:346
3935,UTTAR PRADESH:65
3936,UTTAR PRADESH:375
3937,UTTAR PRADESH:78
3938,UTTAR PRADESH:364
3939,UTTAR PRADESH:344
3940,UTTAR PRADESH:64
3941,UTTAR PRADESH:370
3942,UTTAR PRADESH:80
3943,UTTAR PRADESH:155
3944,UTTAR PRADESH:74
3945,UTTAR PRADESH:81
3946,UTTAR PRADESH:369
3947,UTTAR PRADESH:88
3948,UTTAR PRADESH:148
3949,UTTAR PRADESH:349
3950,UTTAR PRADESH:152
3951,UTTAR PRADESH:89
3952,UTTAR PRADESH:154
3953,UTTAR PRADESH:79
3954,UTTAR PRADESH:313
3955,UTTAR PRADESH:345
3956,UTTAR PRADESH:75
3957,UTTAR PRADESH:348
3958,UTTAR PRADESH:368
3959,UTTAR PRADESH:312
3960,UTTAR PRADESH:87
3961,UTTAR PRADESH:343
3962,UTTAR PRADESH:363
3963,UTTAR PRADESH:350
3964,UTTAR PRADESH:153
3965,UTTAR PRADESH:362
3966,UTTAR PRADESH:156
3967,UTTAR PRADESH:147
3968,UTTAR PRADESH:314
3969,UTTAR PRADESH:82
3970,UTTAR PRADESH:340
3971,UTTAR PRADESH:367
3972,UTTAR PRADESH:366
3973,UTTAR PRADESH:172
3974,UTTAR PRADESH:76
3975,UTTAR PRADESH:85
3976,UTTAR PRADESH:190
3977,UTTAR PRADESH:342
3978,UTTAR PRADESH:77
3979,UTTAR PRADESH:173
3980,UTTAR PRADESH:311
3981,UTTAR PRADESH:90
3982,UTTAR PRADESH:160
3983,UTTAR PRADESH:191
3984,UTTAR PRADESH:336
3985,UTTAR PRADESH:171
3986,UTTAR PRADESH:86
3987,UTTAR PRADESH:157
3988,UTTAR PRADESH:355
3989,UTTAR PRADESH:354
3990,UTTAR PRADESH:341
3991,UTTAR PRADESH:192
3992,UTTAR PRADESH:144
3993,UTTAR PRADESH:83
3994,UTTAR PRADESH:146
3995,UTTAR PRADESH:145
3996,UTTAR PRADESH:162
3997,UTTAR PRADESH:170
3998,UTTAR PRADESH:189
3999,UTTAR PRADESH:194
4000,UTTAR PRADESH:361
4001,UTTAR PRADESH:356
4002,UTTAR PRADESH:174
4003,UTTAR PRADESH:310
4004,UTTAR PRADESH:359
4005,UTTAR PRADESH:337
4006,UTTAR PRADESH:161
4007,UTTAR PRADESH:308
4008,UTTAR PRADESH:158
4009,UTTAR PRADESH:84
4010,UTTAR PRADESH:358
4011,UTTAR PRADESH:91
4012,UTTAR PRADESH:339
4013,UTTAR PRADESH:357
4014,UTTAR PRADESH:351
4015,UTTAR PRADESH:159
4016,UTTAR PRADESH:163
4017,UTTAR PRADESH:100
4018,UTTAR PRADESH:338
4019,UTTAR PRADESH:353
4020,UTTAR PRADESH:143
4021,UTTAR PRADESH:193
4022,UTTAR PRADESH:99
4023,UTTAR PRADESH:188
4024,UTTAR PRADESH:197
4025,UTTAR PRADESH:184
4026,UTTAR PRADESH:164
4027,UTTAR PRADESH:360
4028,UTTAR PRADESH:139
4029,UTTAR PRADESH:307
4030,UTTAR PRADESH:92
4031,UTTAR PRADESH:169
4032,UTTAR PRADESH:98
4033,UTTAR PRADESH:195
4034,UTTAR PRADESH:304
4035,UTTAR PRADESH:103
4036,UTTAR PRADESH:352
4037,UTTAR PRADESH:306
4038,UTTAR PRADESH:309
4039,UTTAR PRADESH:186
4040,UTTAR PRADESH:142
4041,UTTAR PRADESH:165
4042,UTTAR PRADESH:140
4043,UTTAR PRADESH:299
4044,UTTAR PRADESH:196
4045,UTTAR PRADESH:175
4046,UTTAR PRADESH:101
4047,UTTAR PRADESH:102
4048,UTTAR PRADESH:93
4049,UTTAR PRADESH:166
4050,UTTAR PRADESH:187
4051,UTTAR PRADESH:198
4052,UTTAR PRADESH:138
4053,UTTAR PRADESH:105
4054,UTTAR PRADESH:104
4055,UTTAR PRADESH:141
4056,UTTAR PRADESH:185
4057,UTTAR PRADESH:106
4058,UTTAR PRADESH:176
4059,UTTAR PRADESH:137
4060,UTTAR PRADESH:305
4061,UTTAR PRADESH:177
4062,UTTAR PRADESH:134
4063,UTTAR PRADESH:300
4064,UTTAR PRADESH:201
4065,UTTAR PRADESH:200
4066,UTTAR PRADESH:298
4067,UTTAR PRADESH:199
4068,UTTAR PRADESH:167
4069,UTTAR PRADESH:303
4070,UTTAR PRADESH:179
4071,UTTAR PRADESH:136
4072,UTTAR PRADESH:135
4073,UTTAR PRADESH:292
4074,UTTAR PRADESH:94
4075,UTTAR PRADESH:168
4076,UTTAR PRADESH:297
4077,UTTAR PRADESH:97
4078,UTTAR PRADESH:123
4079,UTTAR PRADESH:291
4080,UTTAR PRADESH:183
4081,UTTAR PRADESH:133
4082,UTTAR PRADESH:203
4083,UTTAR PRADESH:302
4084,UTTAR PRADESH:301
4085,UTTAR PRADESH:182
4086,UTTAR PRADESH:107
4087,UTTAR PRADESH:178
4088,UTTAR PRADESH:129
4089,UTTAR PRADESH:108
4090,UTTAR PRADESH:202
4091,UTTAR PRADESH:124
4092,UTTAR PRADESH:132
4093,UTTAR PRADESH:130
4094,UTTAR PRADESH:287
4095,UTTAR PRADESH:95
4096,UTTAR PRADESH:180
4097,UTTAR PRADESH:288
4098,UTTAR PRADESH:296
4099,UTTAR PRADESH:205
4100,UTTAR PRADESH:204
4101,UTTAR PRADESH:213
4102,UTTAR PRADESH:131
4103,UTTAR PRADESH:335
4104,UTTAR PRADESH:96
4105,UTTAR PRADESH:289
4106,UTTAR PRADESH:109
4107,UTTAR PRADESH:290
4108,UTTAR PRADESH:122
4109,UTTAR PRADESH:293
4110,UTTAR PRADESH:126
4111,UTTAR PRADESH:206
4112,UTTAR PRADESH:210
4113,UTTAR PRADESH:181
4114,UTTAR PRADESH:125
4115,UTTAR PRADESH:128
4116,UTTAR PRADESH:295
4117,UTTAR PRADESH:110
4118,UTTAR PRADESH:334
4119,UTTAR PRADESH:209
4120,UTTAR PRADESH:214
4121,UTTAR PRADESH:113
4122,UTTAR PRADESH:294
4123,UTTAR PRADESH:121
4124,UTTAR PRADESH:208
4125,UTTAR PRADESH:207
4126,UTTAR PRADESH:332
4127,UTTAR PRADESH:111
4128,UTTAR PRADESH:286
4129,UTTAR PRADESH:127
4130,UTTAR PRADESH:112
4131,UTTAR PRADESH:256
4132,UTTAR PRADESH:211
4133,UTTAR PRADESH:222
4134,UTTAR PRADESH:116
4135,UTTAR PRADESH:321
4136,UTTAR PRADESH:212
4137,UTTAR PRADESH:224
4138,UTTAR PRADESH:218
4139,UTTAR PRADESH:220
4140,UTTAR PRADESH:285
4141,UTTAR PRADESH:333
4142,UTTAR PRADESH:215
4143,UTTAR PRADESH:117
4144,UTTAR PRADESH:284
4145,UTTAR PRADESH:120
4146,UTTAR PRADESH:219
4147,UTTAR PRADESH:221
4148,UTTAR PRADESH:257
4149,UTTAR PRADESH:281
4150,UTTAR PRADESH:225
4151,UTTAR PRADESH:258
4152,UTTAR PRADESH:119
4153,UTTAR PRADESH:216
4154,UTTAR PRADESH:331
4155,UTTAR PRADESH:114
4156,UTTAR PRADESH:217
4157,UTTAR PRADESH:323
4158,UTTAR PRADESH:228
4159,UTTAR PRADESH:118
4160,UTTAR PRADESH:223
4161,UTTAR PRADESH:115
4162,UTTAR PRADESH:318
4163,UTTAR PRADESH:322
4164,UTTAR PRADESH:229
4165,UTTAR PRADESH:254
4166,UTTAR PRADESH:283
4167,UTTAR PRADESH:234
4168,UTTAR PRADESH:226
4169,UTTAR PRADESH:235
4170,UTTAR PRADESH:255
4171,UTTAR PRADESH:227
4172,UTTAR PRADESH:280
4173,UTTAR PRADESH:253
4174,UTTAR PRADESH:259
4175,UTTAR PRADESH:329
4176,UTTAR PRADESH:273
4177,UTTAR PRADESH:274
4178,UTTAR PRADESH:317
4179,UTTAR PRADESH:282
4180,UTTAR PRADESH:230
4181,UTTAR PRADESH:252
4182,UTTAR PRADESH:251
4183,UTTAR PRADESH:233
4184,UTTAR PRADESH:236
4185,UTTAR PRADESH:330
4186,UTTAR PRADESH:272
4187,UTTAR PRADESH:250
4188,UTTAR PRADESH:232
4189,UTTAR PRADESH:231
4190,UTTAR PRADESH:278
4191,UTTAR PRADESH:319
4192,UTTAR PRADESH:325
4193,UTTAR PRADESH:270
4194,UTTAR PRADESH:245
4195,UTTAR PRADESH:244
4196,UTTAR PRADESH:324
4197,UTTAR PRADESH:316
4198,UTTAR PRADESH:279
4199,UTTAR PRADESH:237
4200,UTTAR PRADESH:249
4201,UTTAR PRADESH:275
4202,UTTAR PRADESH:277
4203,UTTAR PRADESH:328
4204,UTTAR PRADESH:246
4205,UTTAR PRADESH:271
4206,UTTAR PRADESH:276
4207,UTTAR PRADESH:247
4208,UTTAR PRADESH:320
4209,UTTAR PRADESH:269
4210,UTTAR PRADESH:315
4211,UTTAR PRADESH:238
4212,UTTAR PRADESH:248
4213,UTTAR PRADESH:243
4214,UTTAR PRADESH:242
4215,UTTAR PRADESH:240
4216,UTTAR PRADESH:241
4217,UTTAR PRADESH:268
4218,UTTAR PRADESH:266
4219,UTTAR PRADESH:264
4220,UTTAR PRADESH:265
4221,UTTAR PRADESH:263
4222,UTTAR PRADESH:327
4223,UTTAR PRADESH:267
4224,UTTAR PRADESH:239
4225,UTTAR PRADESH:325
4226,UTTAR PRADESH:262
4227,UTTAR PRADESH:326
4228,UTTAR PRADESH:261
4229,UTTAR PRADESH:260
4230,UTTARAKHAND:2
4231,UTTARAKHAND:1
4232,UTTARAKHAND:38
4233,UTTARAKHAND:3
4234,UTTARAKHAND:10
4235,UTTARAKHAND:6
4236,UTTARAKHAND:37
4237,UTTARAKHAND:70
4238,UTTARAKHAND:9
4239,UTTARAKHAND:36
4240,UTTARAKHAND:4
4241,UTTARAKHAND:11
4242,UTTARAKHAND:5
4243,UTTARAKHAND:16
4244,UTTARAKHAND:39
4245,UTTARAKHAND:12
4246,UTTARAKHAND:15
4247,UTTARAKHAND:14
4248,UTTARAKHAND:7
4249,UTTARAKHAND:8
4250,UTTARAKHAND:40
4251,UTTARAKHAND:17
4252,UTTARAKHAND:13
4253,UTTARAKHAND:42
4254,UTTARAKHAND:41
4255,UTTARAKHAND:18
4256,UTTARAKHAND:34
4257,UTTARAKHAND:25
4258,UTTARAKHAND:35
4259,UTTARAKHAND:33
4260,UTTARAKHAND:28
4261,UTTARAKHAND:19
4262,UTTARAKHAND:44
4263,UTTARAKHAND:32
4264,UTTARAKHAND:31
4265,UTTARAKHAND:68
4266,UTTARAKHAND:26
4267,UTTARAKHAND:45
4268,UTTARAKHAND:46
4269,UTTARAKHAND:21
4270,UTTARAKHAND:27
4271,UTTARAKHAND:43
4272,UTTARAKHAND:23
4273,UTTARAKHAND:20
4274,UTTARAKHAND:29
4275,UTTARAKHAND:47
4276,UTTARAKHAND:49
4277,UTTARAKHAND:24
4278,UTTARAKHAND:30
4279,UTTARAKHAND:22
4280,UTTARAKHAND:69
4281,UTTARAKHAND:67
4282,UTTARAKHAND:48
4283,UTTARAKHAND:50
4284,UTTARAKHAND:66
4285,UTTARAKHAND:51
4286,UTTARAKHAND:52
4287,UTTARAKHAND:56
4288,UTTARAKHAND:65
4289,UTTARAKHAND:55
4290,UTTARAKHAND:53
4291,UTTARAKHAND:64
4292,UTTARAKHAND:57
4293,UTTARAKHAND:58
4294,UTTARAKHAND:54
4295,UTTARAKHAND:59
4296,UTTARAKHAND:60
4297,UTTARAKHAND:63
4298,UTTARAKHAND:62
4299,UTTARAKHAND:61
